PopName,Sex,Year,Age,mx,qx,ax,lx,dx,Lx,Tx,ex
KY,b,1959,0,0.02905,0.02834,0.13,100000,2834,97531,6979111,69.79
KY,b,1959,1-4,0.00109,0.00433,1.48,97166,421,387604,6881580,70.82
KY,b,1959,5-9,0.00048,0.00242,2.43,96746,234,483127,6493976,67.12
KY,b,1959,10-14,0.00046,0.00228,2.73,96511,220,482058,6010848,62.28
KY,b,1959,15-19,0.00128,0.00637,2.63,96292,613,480005,5528790,57.42
KY,b,1959,20-24,0.00150,0.00747,2.43,95678,715,476553,5048786,52.77
KY,b,1959,25-29,0.00160,0.00796,2.6,94964,756,473003,4572232,48.15
KY,b,1959,30-34,0.00188,0.00936,2.71,94208,882,469018,4099229,43.51
KY,b,1959,35-39,0.00271,0.01347,2.75,93326,1257,463806,3630211,38.90
KY,b,1959,40-44,0.00395,0.01956,2.61,92069,1801,456036,3166405,34.39
KY,b,1959,45-49,0.00593,0.02925,2.67,90268,2640,445192,2710370,30.03
KY,b,1959,50-54,0.00874,0.04284,2.68,87628,3754,429429,2265178,25.85
KY,b,1959,55-59,0.01297,0.06298,2.71,83874,5283,407295,1835749,21.89
KY,b,1959,60-64,0.01929,0.09227,2.65,78591,7252,375899,1428454,18.18
KY,b,1959,65-69,0.02910,0.13589,2.57,71340,9695,333121,1052555,14.75
KY,b,1959,70-74,0.04453,0.20114,2.6,61645,12400,278483,719434,11.67
KY,b,1959,75-79,0.06962,0.29809,2.59,49246,14680,210853,440950,8.95
KY,b,1959,80-84,0.11009,0.43084,2.48,34566,14892,135279,230097,6.66
KY,b,1959,85-89,0.17577,0.60209,2.39,19674,11845,67393,94818,4.82
KY,b,1959,90-94,0.26339,0.74462,2.08,7828,5829,22131,27425,3.50
KY,b,1959,95-99,0.36311,0.85449,1.9,1999,1708,4705,5294,2.65
KY,b,1959,100-104,0.48567,0.92631,1.66,291,269,555,590,2.03
KY,b,1959,105-109,0.61094,0.96336,1.45,21,21,34,35,1.63
KY,b,1959,110+,0.70861,1.00000,1.41,1,1,1,1,1.41
KY,b,1960,0,0.02885,0.02814,0.13,100000,2814,97546,6957231,69.57
KY,b,1960,1-4,0.00120,0.00479,1.53,97186,466,387593,6859685,70.58
KY,b,1960,5-9,0.00048,0.00241,2.31,96721,233,482976,6472092,66.92
KY,b,1960,10-14,0.00051,0.00256,2.8,96488,247,481896,5989116,62.07
KY,b,1960,15-19,0.00105,0.00523,2.74,96241,503,480068,5507221,57.22
KY,b,1960,20-24,0.00123,0.00613,2.38,95738,587,477150,5027153,52.51
KY,b,1960,25-29,0.00155,0.00773,2.29,95151,735,473761,4550003,47.82
KY,b,1960,30-34,0.00175,0.00874,2.69,94416,825,470175,4076241,43.17
KY,b,1960,35-39,0.00273,0.01355,2.75,93591,1268,465105,3606067,38.53
KY,b,1960,40-44,0.00390,0.01932,2.7,92324,1784,457516,3140962,34.02
KY,b,1960,45-49,0.00622,0.03067,2.69,90540,2776,446272,2683446,29.64
KY,b,1960,50-54,0.00948,0.04638,2.71,87763,4070,429513,2237174,25.49
KY,b,1960,55-59,0.01369,0.06636,2.68,83693,5554,405576,1807661,21.60
KY,b,1960,60-64,0.02007,0.09583,2.64,78139,7488,373043,1402085,17.94
KY,b,1960,65-69,0.02983,0.13929,2.62,70652,9841,329872,1029043,14.57
KY,b,1960,70-74,0.04578,0.20603,2.58,60811,12529,273692,699171,11.50
KY,b,1960,75-79,0.07354,0.31186,2.57,48282,15057,204751,425479,8.81
KY,b,1960,80-84,0.11173,0.43580,2.48,33224,14479,129595,220728,6.64
KY,b,1960,85-89,0.17485,0.59303,2.29,18745,11117,63578,91134,4.86
KY,b,1960,90-94,0.25366,0.73384,2.13,7629,5598,22070,27556,3.61
KY,b,1960,95-99,0.35533,0.84769,1.92,2030,1721,4844,5486,2.70
KY,b,1960,100-104,0.47380,0.92100,1.68,309,285,601,642,2.08
KY,b,1960,105-109,0.59643,0.96013,1.47,24,23,39,41,1.67
KY,b,1960,110+,0.69320,1.00000,1.44,1,1,1,1,1.44
KY,b,1961,0,0.02847,0.02778,0.13,100000,2778,97575,6995921,69.96
KY,b,1961,1-4,0.00113,0.00450,1.57,97222,438,387824,6898346,70.95
KY,b,1961,5-9,0.00049,0.00245,2.22,96784,237,483261,6510523,67.27
KY,b,1961,10-14,0.00050,0.00251,2.71,96547,242,482179,6027262,62.43
KY,b,1961,15-19,0.00098,0.00489,2.68,96304,471,480430,5545083,57.58
KY,b,1961,20-24,0.00138,0.00686,2.62,95834,657,477603,5064653,52.85
KY,b,1961,25-29,0.00139,0.00694,2.6,95176,661,474298,4587050,48.20
KY,b,1961,30-34,0.00181,0.00900,2.68,94516,851,470601,4112752,43.51
KY,b,1961,35-39,0.00252,0.01251,2.62,93665,1172,465538,3642152,38.89
KY,b,1961,40-44,0.00423,0.02097,2.72,92493,1940,458047,3176614,34.34
KY,b,1961,45-49,0.00609,0.03001,2.65,90553,2718,446367,2718566,30.02
KY,b,1961,50-54,0.00888,0.04350,2.62,87836,3821,430100,2272199,25.87
KY,b,1961,55-59,0.01279,0.06209,2.65,84015,5217,407797,1842100,21.93
KY,b,1961,60-64,0.01955,0.09338,2.6,78798,7358,376364,1434303,18.20
KY,b,1961,65-69,0.02966,0.13825,2.55,71440,9877,333042,1057938,14.81
KY,b,1961,70-74,0.04368,0.19741,2.57,61563,12153,278251,724896,11.77
KY,b,1961,75-79,0.06861,0.29442,2.59,49410,14547,212026,446645,9.04
KY,b,1961,80-84,0.11075,0.43406,2.51,34863,15132,136635,234620,6.73
KY,b,1961,85-89,0.16943,0.58324,2.33,19730,11508,67919,97984,4.97
KY,b,1961,90-94,0.25028,0.72806,2.13,8223,5987,23920,30065,3.66
KY,b,1961,95-99,0.34874,0.84195,1.93,2236,1883,5399,6144,2.75
KY,b,1961,100-104,0.46557,0.91721,1.7,353,324,696,746,2.11
KY,b,1961,105-109,0.58729,0.95798,1.48,29,28,48,50,1.69
KY,b,1961,110+,0.68384,1.00000,1.46,1,1,2,2,1.46
KY,b,1962,0,0.02723,0.02660,0.12,100000,2660,97669,6979811,69.80
KY,b,1962,1-4,0.00111,0.00442,1.52,97340,430,388293,6882142,70.70
KY,b,1962,5-9,0.00047,0.00236,2.22,96910,229,483915,6493849,67.01
KY,b,1962,10-14,0.00056,0.00278,2.69,96681,268,482786,6009935,62.16
KY,b,1962,15-19,0.00107,0.00534,2.79,96413,515,480926,5527148,57.33
KY,b,1962,20-24,0.00135,0.00673,2.72,95898,646,478019,5046223,52.62
KY,b,1962,25-29,0.00147,0.00733,2.52,95253,698,474532,4568203,47.96
KY,b,1962,30-34,0.00179,0.00890,2.68,94555,841,470826,4093671,43.29
KY,b,1962,35-39,0.00267,0.01327,2.61,93714,1244,465601,3622845,38.66
KY,b,1962,40-44,0.00409,0.02025,2.73,92470,1873,458096,3157244,34.14
KY,b,1962,45-49,0.00615,0.03034,2.68,90597,2748,446601,2699147,29.79
KY,b,1962,50-54,0.00937,0.04582,2.64,87849,4025,429760,2252546,25.64
KY,b,1962,55-59,0.01366,0.06612,2.61,83823,5543,405857,1822787,21.75
KY,b,1962,60-64,0.01999,0.09554,2.68,78281,7479,374059,1416929,18.10
KY,b,1962,65-69,0.03034,0.14132,2.58,70802,10006,329762,1042870,14.73
KY,b,1962,70-74,0.04356,0.19718,2.6,60796,11988,275194,713109,11.73
KY,b,1962,75-79,0.06784,0.29198,2.61,48808,14251,210050,437914,8.97
KY,b,1962,80-84,0.11198,0.43644,2.47,34557,15082,134688,227864,6.59
KY,b,1962,85-89,0.18030,0.60652,2.3,19475,11812,65514,93176,4.78
KY,b,1962,90-94,0.25306,0.73494,2.15,7663,5632,22255,27662,3.61
KY,b,1962,95-99,0.36117,0.85272,1.91,2031,1732,4796,5406,2.66
KY,b,1962,100-104,0.48204,0.92470,1.67,299,277,574,611,2.04
KY,b,1962,105-109,0.60640,0.96239,1.45,23,22,36,37,1.64
KY,b,1962,110+,0.70391,1.00000,1.42,1,1,1,1,1.42
KY,b,1963,0,0.02809,0.02742,0.13,100000,2742,97604,6954870,69.55
KY,b,1963,1-4,0.00109,0.00435,1.44,97258,423,387951,6857265,70.51
KY,b,1963,5-9,0.00048,0.00242,2.33,96835,234,483550,6469315,66.81
KY,b,1963,10-14,0.00042,0.00211,2.63,96601,204,482519,5985765,61.96
KY,b,1963,15-19,0.00108,0.00537,2.8,96397,518,480846,5503246,57.09
KY,b,1963,20-24,0.00133,0.00662,2.52,95879,634,477823,5022400,52.38
KY,b,1963,25-29,0.00145,0.00724,2.53,95245,690,474521,4544577,47.71
KY,b,1963,30-34,0.00176,0.00877,2.68,94555,829,470853,4070056,43.04
KY,b,1963,35-39,0.00285,0.01414,2.65,93726,1326,465518,3599203,38.40
KY,b,1963,40-44,0.00378,0.01874,2.63,92400,1732,457894,3133685,33.91
KY,b,1963,45-49,0.00587,0.02898,2.74,90668,2628,447399,2675791,29.51
KY,b,1963,50-54,0.00933,0.04570,2.71,88040,4023,430987,2228392,25.31
KY,b,1963,55-59,0.01448,0.06997,2.61,84017,5878,406009,1797405,21.39
KY,b,1963,60-64,0.01989,0.09494,2.62,78139,7418,373056,1391395,17.81
KY,b,1963,65-69,0.03078,0.14306,2.54,70720,10117,328716,1018340,14.40
KY,b,1963,70-74,0.04813,0.21542,2.57,60604,13055,271261,689624,11.38
KY,b,1963,75-79,0.06912,0.29425,2.48,47549,13991,202415,418363,8.80
KY,b,1963,80-84,0.11740,0.45394,2.5,33557,15233,129756,215948,6.44
KY,b,1963,85-89,0.18139,0.60441,2.24,18324,11075,61060,86192,4.70
KY,b,1963,90-94,0.26628,0.75195,2.11,7249,5451,20470,25132,3.47
KY,b,1963,95-99,0.37192,0.86121,1.88,1798,1549,4164,4662,2.59
KY,b,1963,100-104,0.49363,0.92940,1.65,250,232,470,498,2.00
KY,b,1963,105-109,0.61738,0.96461,1.44,18,17,28,28,1.61
KY,b,1963,110+,0.71368,1.00000,1.4,1,1,1,1,1.40
KY,b,1964,0,0.02605,0.02547,0.12,100000,2547,97760,7002126,70.02
KY,b,1964,1-4,0.00110,0.00440,1.61,97453,429,388789,6904366,70.85
KY,b,1964,5-9,0.00049,0.00244,2.34,97024,237,484489,6515577,67.15
KY,b,1964,10-14,0.00043,0.00217,2.68,96787,210,483449,6031088,62.31
KY,b,1964,15-19,0.00106,0.00531,2.79,96577,513,481751,5547639,57.44
KY,b,1964,20-24,0.00136,0.00678,2.62,96064,651,478770,5065888,52.73
KY,b,1964,25-29,0.00150,0.00745,2.57,95413,711,475339,4587118,48.08
KY,b,1964,30-34,0.00204,0.01016,2.58,94702,963,471178,4111779,43.42
KY,b,1964,35-39,0.00269,0.01336,2.63,93740,1253,465732,3640601,38.84
KY,b,1964,40-44,0.00393,0.01948,2.65,92487,1801,458198,3174869,34.33
KY,b,1964,45-49,0.00608,0.02997,2.68,90686,2718,447115,2716671,29.96
KY,b,1964,50-54,0.00892,0.04369,2.6,87968,3843,430617,2269556,25.80
KY,b,1964,55-59,0.01347,0.06529,2.64,84125,5492,407659,1838939,21.86
KY,b,1964,60-64,0.01972,0.09421,2.65,78632,7408,375732,1431280,18.20
KY,b,1964,65-69,0.03017,0.14070,2.61,71224,10021,332164,1055548,14.82
KY,b,1964,70-74,0.04629,0.20829,2.6,61203,12748,275380,723384,11.82
KY,b,1964,75-79,0.06416,0.27629,2.49,48455,13388,208647,448003,9.25
KY,b,1964,80-84,0.10717,0.42191,2.48,35067,14795,138057,239356,6.83
KY,b,1964,85-89,0.16711,0.57684,2.32,20272,11694,69974,101299,5.00
KY,b,1964,90-94,0.25186,0.72842,2.11,8578,6248,24809,31325,3.65
KY,b,1964,95-99,0.34189,0.83582,1.94,2330,1947,5695,6516,2.80
KY,b,1964,100-104,0.45745,0.91333,1.71,382,349,764,821,2.15
KY,b,1964,105-109,0.57871,0.95589,1.5,33,32,55,57,1.72
KY,b,1964,110+,0.67538,1.00000,1.48,1,1,2,2,1.48
KY,b,1965,0,0.02461,0.02408,0.12,100000,2408,97872,7018974,70.19
KY,b,1965,1-4,0.00094,0.00374,1.64,97592,365,389509,6921102,70.92
KY,b,1965,5-9,0.00051,0.00255,2.35,97227,247,485481,6531593,67.18
KY,b,1965,10-14,0.00035,0.00174,2.61,96980,168,484496,6046113,62.34
KY,b,1965,15-19,0.00098,0.00487,2.79,96811,472,483014,5561616,57.45
KY,b,1965,20-24,0.00133,0.00661,2.6,96340,637,480168,5078602,52.72
KY,b,1965,25-29,0.00144,0.00719,2.55,95703,688,476825,4598434,48.05
KY,b,1965,30-34,0.00178,0.00886,2.62,95015,842,473067,4121609,43.38
KY,b,1965,35-39,0.00276,0.01370,2.59,94173,1290,467754,3648541,38.74
KY,b,1965,40-44,0.00410,0.02030,2.66,92883,1886,459999,3180788,34.25
KY,b,1965,45-49,0.00632,0.03115,2.73,90997,2834,448541,2720789,29.90
KY,b,1965,50-54,0.00936,0.04581,2.69,88163,4039,431477,2272249,25.77
KY,b,1965,55-59,0.01312,0.06363,2.64,84124,5353,408005,1840772,21.88
KY,b,1965,60-64,0.01949,0.09310,2.6,78771,7334,376226,1432767,18.19
KY,b,1965,65-69,0.02934,0.13703,2.6,71437,9789,333658,1056541,14.79
KY,b,1965,70-74,0.04495,0.20263,2.57,61648,12492,277892,722883,11.73
KY,b,1965,75-79,0.06825,0.29168,2.51,49157,14338,210094,444991,9.05
KY,b,1965,80-84,0.10880,0.42648,2.47,34819,14850,136485,234897,6.75
KY,b,1965,85-89,0.17017,0.58621,2.35,19969,11706,68789,98411,4.93
KY,b,1965,90-94,0.25441,0.73757,2.15,8263,6095,23955,29622,3.58
KY,b,1965,95-99,0.36829,0.85899,1.89,2168,1863,5058,5667,2.61
KY,b,1965,100-104,0.49471,0.93020,1.65,306,284,575,609,1.99
KY,b,1965,105-109,0.62271,0.96582,1.43,21,21,33,34,1.60
KY,b,1965,110+,0.72121,1.00000,1.39,1,1,1,1,1.39
KY,b,1966,0,0.02480,0.02426,0.12,100000,2426,97858,7006581,70.07
KY,b,1966,1-4,0.00101,0.00404,1.71,97574,394,389390,6908723,70.81
KY,b,1966,5-9,0.00052,0.00259,2.27,97179,251,485210,6519333,67.09
KY,b,1966,10-14,0.00043,0.00217,2.75,96928,210,484166,6034123,62.25
KY,b,1966,15-19,0.00139,0.00694,2.8,96717,672,482110,5549956,57.38
KY,b,1966,20-24,0.00129,0.00645,2.4,96046,619,478617,5067846,52.76
KY,b,1966,25-29,0.00147,0.00730,2.7,95427,697,475528,4589229,48.09
KY,b,1966,30-34,0.00177,0.00881,2.78,94730,835,471801,4113701,43.43
KY,b,1966,35-39,0.00264,0.01310,2.65,93895,1230,466581,3641899,38.79
KY,b,1966,40-44,0.00384,0.01903,2.71,92665,1764,459284,3175318,34.27
KY,b,1966,45-49,0.00609,0.03003,2.66,90902,2729,448122,2716034,29.88
KY,b,1966,50-54,0.00904,0.04426,2.61,88172,3903,431535,2267912,25.72
KY,b,1966,55-59,0.01337,0.06484,2.67,84269,5464,408605,1836377,21.79
KY,b,1966,60-64,0.01992,0.09500,2.57,78805,7487,375845,1427772,18.12
KY,b,1966,65-69,0.02990,0.13934,2.56,71319,9938,332336,1051928,14.75
KY,b,1966,70-74,0.04480,0.20231,2.61,61381,12418,277190,719591,11.72
KY,b,1966,75-79,0.06854,0.29329,2.54,48963,14360,209526,442401,9.04
KY,b,1966,80-84,0.10925,0.42828,2.48,34603,14820,135655,232876,6.73
KY,b,1966,85-89,0.17122,0.58391,2.28,19783,11552,67468,97221,4.91
KY,b,1966,90-94,0.25333,0.73417,2.14,8232,6043,23856,29753,3.61
KY,b,1966,95-99,0.35622,0.84860,1.92,2188,1857,5213,5897,2.70
KY,b,1966,100-104,0.47598,0.92204,1.68,331,305,642,685,2.07
KY,b,1966,105-109,0.59946,0.96083,1.46,26,25,41,43,1.66
KY,b,1966,110+,0.69652,1.00000,1.44,1,1,1,1,1.44
KY,b,1967,0,0.02430,0.02379,0.12,100000,2379,97897,7006625,70.07
KY,b,1967,1-4,0.00085,0.00341,1.66,97621,333,389705,6908728,70.77
KY,b,1967,5-9,0.00048,0.00241,2.39,97288,235,485828,6519023,67.01
KY,b,1967,10-14,0.00045,0.00226,2.75,97053,219,484773,6033196,62.16
KY,b,1967,15-19,0.00126,0.00627,2.75,96834,607,482801,5548423,57.30
KY,b,1967,20-24,0.00136,0.00678,2.64,96227,652,479592,5065622,52.64
KY,b,1967,25-29,0.00138,0.00690,2.56,95575,659,476263,4586029,47.98
KY,b,1967,30-34,0.00179,0.00893,2.74,94915,847,472659,4109766,43.30
KY,b,1967,35-39,0.00236,0.01172,2.84,94068,1102,467956,3637107,38.66
KY,b,1967,40-44,0.00449,0.02223,2.71,92965,2067,460094,3169151,34.09
KY,b,1967,45-49,0.00648,0.03194,2.73,90899,2903,447891,2709058,29.80
KY,b,1967,50-54,0.00962,0.04703,2.69,87996,4139,430415,2261167,25.70
KY,b,1967,55-59,0.01397,0.06760,2.63,83857,5668,405828,1830751,21.83
KY,b,1967,60-64,0.01949,0.09319,2.65,78189,7287,373842,1424924,18.22
KY,b,1967,65-69,0.02894,0.13533,2.61,70902,9595,331548,1051082,14.82
KY,b,1967,70-74,0.04496,0.20302,2.61,61307,12447,276815,719534,11.74
KY,b,1967,75-79,0.06796,0.29079,2.52,48860,14208,209077,442719,9.06
KY,b,1967,80-84,0.10955,0.42906,2.47,34652,14868,135718,233642,6.74
KY,b,1967,85-89,0.17042,0.58714,2.35,19784,11616,68163,97924,4.95
KY,b,1967,90-94,0.25028,0.73042,2.15,8168,5966,23838,29761,3.64
KY,b,1967,95-99,0.35677,0.84931,1.92,2202,1870,5242,5923,2.69
KY,b,1967,100-104,0.47896,0.92354,1.67,332,306,640,682,2.05
KY,b,1967,105-109,0.60500,0.96216,1.46,25,24,40,42,1.64
KY,b,1967,110+,0.70370,1.00000,1.42,1,1,1,1,1.42
KY,b,1968,0,0.02257,0.02212,0.11,100000,2212,98033,6984786,69.85
KY,b,1968,1-4,0.00088,0.00350,1.57,97788,342,390319,6886753,70.43
KY,b,1968,5-9,0.00046,0.00231,2.38,97445,225,486638,6496434,66.67
KY,b,1968,10-14,0.00049,0.00242,2.86,97220,236,485597,6009797,61.82
KY,b,1968,15-19,0.00120,0.00601,2.79,96985,583,483639,5524199,56.96
KY,b,1968,20-24,0.00148,0.00739,2.48,96402,713,480216,5040560,52.29
KY,b,1968,25-29,0.00164,0.00817,2.59,95689,782,476559,4560344,47.66
KY,b,1968,30-34,0.00198,0.00984,2.64,94907,934,472331,4083785,43.03
KY,b,1968,35-39,0.00256,0.01272,2.68,93973,1195,467097,3611455,38.43
KY,b,1968,40-44,0.00406,0.02010,2.68,92778,1865,459558,3144358,33.89
KY,b,1968,45-49,0.00650,0.03200,2.65,90914,2909,447722,2684799,29.53
KY,b,1968,50-54,0.00957,0.04681,2.63,88004,4119,430260,2237077,25.42
KY,b,1968,55-59,0.01382,0.06687,2.56,83885,5609,405754,1806816,21.54
KY,b,1968,60-64,0.02049,0.09766,2.62,78276,7645,373155,1401063,17.90
KY,b,1968,65-69,0.03056,0.14230,2.59,70631,10051,328888,1027908,14.55
KY,b,1968,70-74,0.04515,0.20366,2.6,60581,12338,273286,699020,11.54
KY,b,1968,75-79,0.07107,0.30167,2.5,48243,14554,204789,425734,8.82
KY,b,1968,80-84,0.11462,0.44590,2.51,33689,15022,131059,220945,6.56
KY,b,1968,85-89,0.17776,0.60559,2.37,18667,11305,63596,89885,4.82
KY,b,1968,90-94,0.25607,0.73868,2.14,7363,5439,21238,26289,3.57
KY,b,1968,95-99,0.36657,0.85732,1.9,1924,1649,4500,5051,2.63
KY,b,1968,100-104,0.49040,0.92835,1.65,275,255,520,551,2.01
KY,b,1968,105-109,0.61710,0.96469,1.44,20,19,31,32,1.61
KY,b,1968,110+,0.71568,1.00000,1.4,1,1,1,1,1.40
KY,b,1969,0,0.02180,0.02139,0.11,100000,2139,98094,6998944,69.99
KY,b,1969,1-4,0.00092,0.00366,1.82,97861,358,390664,6900850,70.52
KY,b,1969,5-9,0.00043,0.00214,2.36,97503,208,486967,6510186,66.77
KY,b,1969,10-14,0.00046,0.00227,2.83,97295,221,485995,6023220,61.91
KY,b,1969,15-19,0.00122,0.00606,2.83,97074,588,484095,5537224,57.04
KY,b,1969,20-24,0.00164,0.00816,2.47,96485,787,480438,5053129,52.37
KY,b,1969,25-29,0.00165,0.00824,2.64,95698,788,476629,4572691,47.78
KY,b,1969,30-34,0.00179,0.00893,2.61,94910,847,472526,4096062,43.16
KY,b,1969,35-39,0.00274,0.01359,2.75,94062,1279,467431,3623536,38.52
KY,b,1969,40-44,0.00438,0.02168,2.69,92784,2011,459277,3156106,34.02
KY,b,1969,45-49,0.00662,0.03257,2.61,90772,2957,446801,2696829,29.71
KY,b,1969,50-54,0.00915,0.04480,2.68,87816,3934,429952,2250027,25.62
KY,b,1969,55-59,0.01386,0.06711,2.63,83881,5630,406073,1820075,21.70
KY,b,1969,60-64,0.02071,0.09869,2.63,78252,7723,372972,1414002,18.07
KY,b,1969,65-69,0.02973,0.13891,2.64,70529,9797,329544,1041030,14.76
KY,b,1969,70-74,0.04488,0.20288,2.64,60731,12321,274564,711486,11.72
KY,b,1969,75-79,0.07059,0.30076,2.54,48410,14560,206257,436922,9.03
KY,b,1969,80-84,0.10499,0.41603,2.51,33850,14083,134138,230666,6.81
KY,b,1969,85-89,0.17401,0.59346,2.32,19768,11731,67416,96527,4.88
KY,b,1969,90-94,0.25074,0.73420,2.18,8036,5900,23532,29111,3.62
KY,b,1969,95-99,0.36813,0.85936,1.9,2136,1836,4986,5580,2.61
KY,b,1969,100-104,0.49905,0.93224,1.64,300,280,561,593,1.97
KY,b,1969,105-109,0.63160,0.96769,1.42,20,20,31,32,1.58
KY,b,1969,110+,0.73297,1.00000,1.36,1,1,1,1,1.36
KY,b,1970,0,0.02070,0.02032,0.11,100000,2032,98183,7000547,70.01
KY,b,1970,1-4,0.00093,0.00370,1.66,97968,362,391024,6902364,70.46
KY,b,1970,5-9,0.00047,0.00233,2.27,97606,227,487409,6511340,66.71
KY,b,1970,10-14,0.00046,0.00231,2.77,97378,225,486389,6023931,61.86
KY,b,1970,15-19,0.00119,0.00595,2.86,97153,578,484532,5537542,57.00
KY,b,1970,20-24,0.00153,0.00761,2.51,96575,735,481050,5053010,52.32
KY,b,1970,25-29,0.00157,0.00783,2.57,95841,751,477381,4571960,47.70
KY,b,1970,30-34,0.00207,0.01030,2.64,95090,980,473143,4094578,43.06
KY,b,1970,35-39,0.00280,0.01393,2.64,94111,1311,467454,3621436,38.48
KY,b,1970,40-44,0.00422,0.02089,2.75,92799,1939,459627,3153982,33.99
KY,b,1970,45-49,0.00635,0.03127,2.65,90860,2841,447634,2694355,29.65
KY,b,1970,50-54,0.00980,0.04790,2.62,88019,4216,430072,2246721,25.53
KY,b,1970,55-59,0.01462,0.07064,2.63,83802,5920,405009,1816649,21.68
KY,b,1970,60-64,0.02071,0.09871,2.64,77883,7688,371266,1411640,18.13
KY,b,1970,65-69,0.03030,0.14115,2.58,70195,9908,327019,1040374,14.82
KY,b,1970,70-74,0.04384,0.19852,2.62,60287,11968,273006,713354,11.83
KY,b,1970,75-79,0.06832,0.29265,2.55,48319,14141,206966,440349,9.11
KY,b,1970,80-84,0.10741,0.42179,2.46,34178,14416,134215,233382,6.83
KY,b,1970,85-89,0.16701,0.57817,2.34,19762,11426,68415,99167,5.02
KY,b,1970,90-94,0.24789,0.72329,2.12,8336,6030,24324,30752,3.69
KY,b,1970,95-99,0.34335,0.83710,1.94,2307,1931,5624,6428,2.79
KY,b,1970,100-104,0.45870,0.91390,1.71,376,343,749,804,2.14
KY,b,1970,105-109,0.57948,0.95605,1.5,32,31,53,55,1.71
KY,b,1970,110+,0.67568,1.00000,1.48,1,1,2,2,1.48
KY,b,1971,0,0.01951,0.01917,0.1,100000,1917,98279,7034342,70.34
KY,b,1971,1-4,0.00093,0.00373,1.55,98083,365,391435,6936063,70.72
KY,b,1971,5-9,0.00046,0.00229,2.3,97717,224,487981,6544628,66.98
KY,b,1971,10-14,0.00042,0.00209,2.63,97493,204,486982,6056647,62.12
KY,b,1971,15-19,0.00115,0.00573,2.78,97289,557,485212,5569665,57.25
KY,b,1971,20-24,0.00156,0.00775,2.56,96732,750,481828,5084453,52.56
KY,b,1971,25-29,0.00166,0.00826,2.59,95982,793,478000,4602625,47.95
KY,b,1971,30-34,0.00175,0.00869,2.65,95189,827,474000,4124625,43.33
KY,b,1971,35-39,0.00270,0.01341,2.65,94362,1265,468832,3650625,38.69
KY,b,1971,40-44,0.00422,0.02088,2.71,93097,1944,461032,3181792,34.18
KY,b,1971,45-49,0.00617,0.03042,2.67,91153,2773,449295,2720761,29.85
KY,b,1971,50-54,0.00907,0.04442,2.67,88380,3926,432761,2271465,25.70
KY,b,1971,55-59,0.01349,0.06532,2.61,84454,5517,409108,1838704,21.77
KY,b,1971,60-64,0.02038,0.09716,2.61,78937,7670,376373,1429596,18.11
KY,b,1971,65-69,0.02879,0.13438,2.53,71267,9577,332668,1053222,14.78
KY,b,1971,70-74,0.04522,0.20396,2.6,61691,12582,278253,720555,11.68
KY,b,1971,75-79,0.06912,0.29535,2.54,49109,14504,209839,442302,9.01
KY,b,1971,80-84,0.10971,0.43071,2.51,34604,14905,135857,232463,6.72
KY,b,1971,85-89,0.17174,0.58970,2.34,19700,11617,67644,96606,4.90
KY,b,1971,90-94,0.25550,0.74232,2.18,8083,6000,23484,28962,3.58
KY,b,1971,95-99,0.36577,0.85682,1.9,2083,1785,4879,5478,2.63
KY,b,1971,100-104,0.49050,0.92844,1.65,298,277,564,599,2.01
KY,b,1971,105-109,0.61760,0.96479,1.44,21,21,33,34,1.61
KY,b,1971,110+,0.71609,1.00000,1.4,1,1,1,1,1.40
KY,b,1972,0,0.01726,0.01699,0.1,100000,1699,98465,7045528,70.46
KY,b,1972,1-4,0.00104,0.00417,1.8,98301,410,392302,6947063,70.67
KY,b,1972,5-9,0.00048,0.00239,2.36,97891,234,488839,6554761,66.96
KY,b,1972,10-14,0.00043,0.00215,2.48,97657,210,487759,6065923,62.11
KY,b,1972,15-19,0.00118,0.00587,2.82,97448,572,485992,5578163,57.24
KY,b,1972,20-24,0.00127,0.00631,2.43,96876,611,482807,5092171,52.56
KY,b,1972,25-29,0.00142,0.00709,2.49,96264,683,479611,4609365,47.88
KY,b,1972,30-34,0.00179,0.00891,2.66,95582,851,475918,4129754,43.21
KY,b,1972,35-39,0.00272,0.01349,2.62,94731,1278,470615,3653836,38.57
KY,b,1972,40-44,0.00390,0.01932,2.74,93453,1806,463187,3183221,34.06
KY,b,1972,45-49,0.00645,0.03179,2.75,91647,2914,451671,2720033,29.68
KY,b,1972,50-54,0.00938,0.04584,2.59,88733,4068,433857,2268363,25.56
KY,b,1972,55-59,0.01362,0.06599,2.64,84666,5587,410125,1834506,21.67
KY,b,1972,60-64,0.02111,0.10064,2.69,79078,7959,377013,1424381,18.01
KY,b,1972,65-69,0.03049,0.14190,2.56,71120,10092,330975,1047368,14.73
KY,b,1972,70-74,0.04533,0.20422,2.57,61028,12463,274911,716393,11.74
KY,b,1972,75-79,0.07052,0.30178,2.61,48565,14656,207824,441483,9.09
KY,b,1972,80-84,0.10558,0.41694,2.48,33909,14138,133904,233659,6.89
KY,b,1972,85-89,0.16266,0.56949,2.37,19771,11259,69218,99755,5.05
KY,b,1972,90-94,0.25639,0.73529,2.1,8512,6259,24410,30537,3.59
KY,b,1972,95-99,0.35244,0.84571,1.93,2253,1905,5407,6127,2.72
KY,b,1972,100-104,0.47453,0.92165,1.68,348,320,675,720,2.07
KY,b,1972,105-109,0.60086,0.96128,1.46,27,26,44,45,1.66
KY,b,1972,110+,0.70008,1.00000,1.43,1,1,2,2,1.43
KY,b,1973,0,0.01702,0.01676,0.1,100000,1676,98484,7045122,70.45
KY,b,1973,1-4,0.00076,0.00303,1.74,98324,298,392620,6946638,70.65
KY,b,1973,5-9,0.00051,0.00256,2.09,98026,251,489397,6554018,66.86
KY,b,1973,10-14,0.00045,0.00226,2.68,97774,221,488359,6064621,62.03
KY,b,1973,15-19,0.00121,0.00603,2.72,97553,588,486428,5576263,57.16
KY,b,1973,20-24,0.00145,0.00721,2.41,96965,699,483012,5089835,52.49
KY,b,1973,25-29,0.00167,0.00832,2.61,96266,801,479412,4606823,47.86
KY,b,1973,30-34,0.00196,0.00977,2.55,95465,933,475044,4127411,43.23
KY,b,1973,35-39,0.00250,0.01241,2.67,94532,1173,469931,3652367,38.64
KY,b,1973,40-44,0.00384,0.01905,2.61,93359,1778,462536,3182436,34.09
KY,b,1973,45-49,0.00681,0.03351,2.65,91581,3069,450697,2719900,29.70
KY,b,1973,50-54,0.00966,0.04724,2.63,88512,4181,432638,2269203,25.64
KY,b,1973,55-59,0.01360,0.06591,2.66,84331,5558,408638,1836565,21.78
KY,b,1973,60-64,0.02103,0.10006,2.59,78773,7882,374869,1427927,18.13
KY,b,1973,65-69,0.02956,0.13810,2.62,70891,9790,331163,1053058,14.85
KY,b,1973,70-74,0.04442,0.20048,2.57,61102,12250,275756,721895,11.81
KY,b,1973,75-79,0.06854,0.29396,2.58,48852,14361,209522,446139,9.13
KY,b,1973,80-84,0.10734,0.42256,2.48,34491,14574,135781,236617,6.86
KY,b,1973,85-89,0.16482,0.57110,2.31,19917,11375,69010,100836,5.06
KY,b,1973,90-94,0.24450,0.72023,2.15,8542,6152,25163,31826,3.73
KY,b,1973,95-99,0.34306,0.83690,1.94,2390,2000,5830,6664,2.79
KY,b,1973,100-104,0.45894,0.91407,1.71,390,356,776,834,2.14
KY,b,1973,105-109,0.58029,0.95627,1.49,33,32,55,57,1.71
KY,b,1973,110+,0.67671,1.00000,1.48,1,1,2,2,1.48
KY,b,1974,0,0.01716,0.01690,0.1,100000,1690,98472,7116853,71.17
KY,b,1974,1-4,0.00071,0.00282,1.85,98310,278,392643,7018381,71.39
KY,b,1974,5-9,0.00038,0.00190,2.33,98032,186,489665,6625738,67.59
KY,b,1974,10-14,0.00041,0.00204,2.74,97846,200,488780,6136072,62.71
KY,b,1974,15-19,0.00104,0.00519,2.77,97646,507,487102,5647292,57.83
KY,b,1974,20-24,0.00116,0.00581,2.56,97140,564,484321,5160190,53.12
KY,b,1974,25-29,0.00132,0.00657,2.51,96575,634,481297,4675869,48.42
KY,b,1974,30-34,0.00161,0.00802,2.68,95941,769,477917,4194572,43.72
KY,b,1974,35-39,0.00250,0.01243,2.65,95172,1183,473075,3716654,39.05
KY,b,1974,40-44,0.00383,0.01897,2.67,93989,1783,465783,3243579,34.51
KY,b,1974,45-49,0.00592,0.02919,2.66,92205,2691,454742,2777796,30.13
KY,b,1974,50-54,0.00921,0.04506,2.6,89514,4033,437889,2323054,25.95
KY,b,1974,55-59,0.01331,0.06455,2.65,85481,5518,414454,1885165,22.05
KY,b,1974,60-64,0.02082,0.09912,2.59,79963,7926,380723,1470712,18.39
KY,b,1974,65-69,0.02889,0.13502,2.58,72037,9727,336648,1089989,15.13
KY,b,1974,70-74,0.04293,0.19485,2.63,62310,12141,282784,753341,12.09
KY,b,1974,75-79,0.06380,0.27581,2.55,50169,13837,216897,470557,9.38
KY,b,1974,80-84,0.10442,0.41481,2.52,36332,15071,144332,253660,6.98
KY,b,1974,85-89,0.16121,0.56635,2.37,21261,12041,74691,109328,5.14
KY,b,1974,90-94,0.24134,0.71588,2.16,9220,6600,27349,34637,3.76
KY,b,1974,95-99,0.34363,0.83778,1.94,2620,2195,6386,7288,2.78
KY,b,1974,100-104,0.46273,0.91614,1.7,425,389,841,902,2.12
KY,b,1974,105-109,0.58723,0.95810,1.48,36,34,58,60,1.69
KY,b,1974,110+,0.68575,1.00000,1.46,1,1,2,2,1.46
KY,b,1975,0,0.01614,0.01591,0.09,100000,1591,98557,7148600,71.49
KY,b,1975,1-4,0.00062,0.00249,1.48,98409,245,393021,7050043,71.64
KY,b,1975,5-9,0.00035,0.00176,2.3,98164,173,490356,6657023,67.82
KY,b,1975,10-14,0.00041,0.00204,2.59,97992,200,489477,6166667,62.93
KY,b,1975,15-19,0.00114,0.00570,2.76,97792,558,487709,5677190,58.05
KY,b,1975,20-24,0.00134,0.00667,2.57,97234,649,484593,5189480,53.37
KY,b,1975,25-29,0.00141,0.00701,2.52,96585,677,481247,4704887,48.71
KY,b,1975,30-34,0.00157,0.00781,2.65,95909,749,477785,4223640,44.04
KY,b,1975,35-39,0.00233,0.01156,2.67,95160,1100,473241,3745855,39.36
KY,b,1975,40-44,0.00359,0.01781,2.64,94060,1675,466341,3272614,34.79
KY,b,1975,45-49,0.00599,0.02951,2.6,92385,2726,455389,2806273,30.38
KY,b,1975,50-54,0.00949,0.04638,2.6,89659,4158,438326,2350884,26.22
KY,b,1975,55-59,0.01334,0.06465,2.63,85500,5527,414425,1912558,22.37
KY,b,1975,60-64,0.01898,0.09074,2.59,79973,7257,382407,1498133,18.73
KY,b,1975,65-69,0.02784,0.13051,2.6,72716,9490,340853,1115726,15.34
KY,b,1975,70-74,0.04249,0.19249,2.56,63226,12171,286466,774873,12.26
KY,b,1975,75-79,0.06301,0.27315,2.57,51056,13946,221323,488407,9.57
KY,b,1975,80-84,0.09991,0.39960,2.5,37110,14829,148417,267084,7.20
KY,b,1975,85-89,0.15494,0.54952,2.36,22281,12244,79021,118667,5.33
KY,b,1975,90-94,0.22707,0.69312,2.19,10037,6957,30638,39646,3.95
KY,b,1975,95-99,0.32502,0.81986,1.98,3080,2525,7770,9008,2.92
KY,b,1975,100-104,0.43846,0.90369,1.75,555,501,1144,1238,2.23
KY,b,1975,105-109,0.55964,0.95094,1.53,53,51,91,95,1.77
KY,b,1975,110+,0.65734,1.00000,1.52,3,3,4,4,1.52
KY,b,1976,0,0.01508,0.01488,0.09,100000,1488,98647,7218587,72.19
KY,b,1976,1-4,0.00065,0.00260,1.77,98512,256,393479,7119940,72.27
KY,b,1976,5-9,0.00037,0.00183,1.99,98256,179,490740,6726461,68.46
KY,b,1976,10-14,0.00030,0.00148,2.7,98077,145,490050,6235721,63.58
KY,b,1976,15-19,0.00107,0.00536,2.72,97932,524,488463,5745671,58.67
KY,b,1976,20-24,0.00129,0.00643,2.53,97407,626,485490,5257208,53.97
KY,b,1976,25-29,0.00115,0.00574,2.64,96782,555,482600,4771717,49.30
KY,b,1976,30-34,0.00146,0.00726,2.76,96227,699,479564,4289117,44.57
KY,b,1976,35-39,0.00234,0.01163,2.69,95528,1111,475070,3809553,39.88
KY,b,1976,40-44,0.00349,0.01729,2.7,94417,1633,468331,3334483,35.32
KY,b,1976,45-49,0.00583,0.02873,2.64,92785,2666,457635,2866153,30.89
KY,b,1976,50-54,0.00858,0.04207,2.66,90119,3791,441720,2408517,26.73
KY,b,1976,55-59,0.01303,0.06321,2.64,86328,5456,418754,1966798,22.78
KY,b,1976,60-64,0.01864,0.08920,2.59,80871,7213,387002,1548044,19.14
KY,b,1976,65-69,0.02641,0.12425,2.62,73658,9152,346513,1161042,15.76
KY,b,1976,70-74,0.03835,0.17567,2.61,64506,11332,295464,814528,12.63
KY,b,1976,75-79,0.06158,0.26731,2.53,53174,14214,230813,519064,9.76
KY,b,1976,80-84,0.09794,0.39237,2.47,38960,15286,156079,288252,7.40
KY,b,1976,85-89,0.14470,0.52370,2.36,23673,12398,85676,132173,5.58
KY,b,1976,90-94,0.21600,0.67800,2.25,11276,7645,35393,46497,4.12
KY,b,1976,95-99,0.30907,0.80305,2.01,3631,2916,9434,11105,3.06
KY,b,1976,100-104,0.41736,0.89143,1.79,715,637,1527,1671,2.34
KY,b,1976,105-109,0.53497,0.94348,1.57,78,73,137,144,1.85
KY,b,1976,110+,0.63080,1.00000,1.59,4,4,7,7,1.59
KY,b,1977,0,0.01511,0.01491,0.09,100000,1491,98644,7195784,71.96
KY,b,1977,1-4,0.00071,0.00283,1.55,98509,279,393356,7097140,72.05
KY,b,1977,5-9,0.00040,0.00198,2.4,98231,194,490648,6703783,68.25
KY,b,1977,10-14,0.00042,0.00207,2.91,98036,203,489758,6213136,63.38
KY,b,1977,15-19,0.00110,0.00550,2.81,97833,538,487990,5723378,58.50
KY,b,1977,20-24,0.00132,0.00660,2.49,97295,642,484864,5235387,53.81
KY,b,1977,25-29,0.00132,0.00658,2.56,96654,636,481714,4750523,49.15
KY,b,1977,30-34,0.00150,0.00749,2.53,96018,719,478312,4268809,44.46
KY,b,1977,35-39,0.00233,0.01157,2.61,95298,1103,473862,3790497,39.78
KY,b,1977,40-44,0.00320,0.01590,2.65,94196,1498,467466,3316635,35.21
KY,b,1977,45-49,0.00559,0.02758,2.63,92698,2557,457423,2849170,30.74
KY,b,1977,50-54,0.00870,0.04264,2.63,90141,3844,441607,2391747,26.53
KY,b,1977,55-59,0.01294,0.06279,2.63,86298,5419,418660,1950140,22.60
KY,b,1977,60-64,0.01997,0.09534,2.64,80879,7711,386181,1531480,18.94
KY,b,1977,65-69,0.02750,0.12907,2.62,73168,9444,343388,1145299,15.65
KY,b,1977,70-74,0.03984,0.18159,2.57,63724,11572,290482,801911,12.58
KY,b,1977,75-79,0.06008,0.26189,2.55,52153,13658,227317,511429,9.81
KY,b,1977,80-84,0.09664,0.38835,2.47,38494,14949,154695,284113,7.38
KY,b,1977,85-89,0.14807,0.53422,2.39,23545,12578,84950,129418,5.50
KY,b,1977,90-94,0.21867,0.68106,2.23,10967,7469,34158,44467,4.05
KY,b,1977,95-99,0.32202,0.81704,1.99,3498,2858,8875,10310,2.95
KY,b,1977,100-104,0.43625,0.90261,1.75,640,578,1324,1435,2.24
KY,b,1977,105-109,0.55842,0.95066,1.53,62,59,106,111,1.78
KY,b,1977,110+,0.65699,1.00000,1.52,3,3,5,5,1.52
KY,b,1978,0,0.01282,0.01267,0.08,100000,1267,98840,7247681,72.48
KY,b,1978,1-4,0.00063,0.00252,1.58,98733,249,394331,7148841,72.41
KY,b,1978,5-9,0.00036,0.00178,2.4,98484,175,491966,6754510,68.58
KY,b,1978,10-14,0.00035,0.00173,2.77,98309,170,491167,6262544,63.70
KY,b,1978,15-19,0.00106,0.00529,2.72,98139,519,489510,5771377,58.81
KY,b,1978,20-24,0.00132,0.00656,2.39,97620,641,486428,5281868,54.11
KY,b,1978,25-29,0.00119,0.00593,2.47,96979,575,483438,4795440,49.45
KY,b,1978,30-34,0.00137,0.00683,2.74,96404,658,480529,4312002,44.73
KY,b,1978,35-39,0.00208,0.01036,2.6,95745,992,476348,3831473,40.02
KY,b,1978,40-44,0.00336,0.01667,2.68,94753,1580,470108,3355125,35.41
KY,b,1978,45-49,0.00529,0.02614,2.62,93174,2436,460066,2885017,30.96
KY,b,1978,50-54,0.00818,0.04012,2.69,90738,3641,445265,2424951,26.72
KY,b,1978,55-59,0.01288,0.06248,2.64,87097,5442,422641,1979686,22.73
KY,b,1978,60-64,0.01847,0.08855,2.67,81655,7230,391466,1557045,19.07
KY,b,1978,65-69,0.02727,0.12803,2.62,74425,9529,349430,1165578,15.66
KY,b,1978,70-74,0.04001,0.18238,2.58,64896,11836,295793,816149,12.58
KY,b,1978,75-79,0.05983,0.26114,2.57,53061,13856,231589,520356,9.81
KY,b,1978,80-84,0.09575,0.38696,2.52,39204,15171,158440,288767,7.37
KY,b,1978,85-89,0.14842,0.53139,2.33,24034,12771,86050,130327,5.42
KY,b,1978,90-94,0.22903,0.69548,2.18,11262,7833,34199,44276,3.93
KY,b,1978,95-99,0.32288,0.81823,1.99,3430,2806,8691,10077,2.94
KY,b,1978,100-104,0.44011,0.90498,1.75,623,564,1282,1386,2.22
KY,b,1978,105-109,0.56573,0.95285,1.52,59,56,100,104,1.75
KY,b,1978,110+,0.66695,1.00000,1.5,3,3,4,4,1.50
KY,b,1979,0,0.01179,0.01166,0.08,100000,1166,98929,7298775,72.99
KY,b,1979,1-4,0.00062,0.00247,1.56,98834,245,394739,7199846,72.85
KY,b,1979,5-9,0.00037,0.00185,2.47,98590,182,492487,6805107,69.02
KY,b,1979,10-14,0.00038,0.00189,2.71,98407,186,491610,6312620,64.15
KY,b,1979,15-19,0.00103,0.00512,2.87,98221,503,490032,5821010,59.26
KY,b,1979,20-24,0.00120,0.00596,2.38,97718,583,487062,5330977,54.55
KY,b,1979,25-29,0.00134,0.00666,2.44,97136,647,484019,4843915,49.87
KY,b,1979,30-34,0.00140,0.00699,2.56,96488,674,480798,4359896,45.19
KY,b,1979,35-39,0.00200,0.00997,2.72,95814,955,476895,3879098,40.49
KY,b,1979,40-44,0.00317,0.01576,2.7,94859,1495,470862,3402204,35.87
KY,b,1979,45-49,0.00518,0.02560,2.69,93364,2390,461293,2931342,31.40
KY,b,1979,50-54,0.00820,0.04023,2.71,90974,3660,446484,2470049,27.15
KY,b,1979,55-59,0.01232,0.05987,2.63,87314,5228,424192,2023565,23.18
KY,b,1979,60-64,0.01806,0.08654,2.6,82087,7104,393370,1599373,19.48
KY,b,1979,65-69,0.02684,0.12605,2.59,74983,9452,352092,1206003,16.08
KY,b,1979,70-74,0.03791,0.17365,2.59,65531,11380,300210,853911,13.03
KY,b,1979,75-79,0.05637,0.24791,2.57,54151,13424,238129,553701,10.23
KY,b,1979,80-84,0.08872,0.36419,2.54,40727,14833,167184,315571,7.75
KY,b,1979,85-89,0.14033,0.51377,2.39,25894,13304,94802,148387,5.73
KY,b,1979,90-94,0.20728,0.65937,2.24,12591,8302,40051,53586,4.26
KY,b,1979,95-99,0.29762,0.79086,2.04,4289,3392,11397,13535,3.16
KY,b,1979,100-104,0.40821,0.88625,1.81,897,795,1947,2138,2.38
KY,b,1979,105-109,0.52999,0.94223,1.58,102,96,181,191,1.87
KY,b,1979,110+,0.63010,1.00000,1.59,6,6,9,9,1.59
KY,b,1980,0,0.01299,0.01284,0.08,100000,1284,98824,7283196,72.83
KY,b,1980,1-4,0.00062,0.00249,1.56,98716,246,394264,7184372,72.78
KY,b,1980,5-9,0.00026,0.00130,2.15,98470,128,491985,6790108,68.96
KY,b,1980,10-14,0.00031,0.00155,2.84,98342,152,491381,6298123,64.04
KY,b,1980,15-19,0.00104,0.00519,2.84,98190,510,489852,5806741,59.14
KY,b,1980,20-24,0.00134,0.00670,2.45,97680,654,486730,5316890,54.43
KY,b,1980,25-29,0.00125,0.00622,2.59,97026,604,483677,4830160,49.78
KY,b,1980,30-34,0.00122,0.00610,2.5,96422,588,480639,4346483,45.08
KY,b,1980,35-39,0.00188,0.00936,2.66,95834,897,477068,3865845,40.34
KY,b,1980,40-44,0.00320,0.01588,2.73,94937,1508,471255,3388777,35.70
KY,b,1980,45-49,0.00505,0.02496,2.69,93429,2332,461764,2917522,31.23
KY,b,1980,50-54,0.00812,0.03982,2.66,91097,3628,446993,2455758,26.96
KY,b,1980,55-59,0.01225,0.05955,2.63,87470,5208,425018,2008765,22.97
KY,b,1980,60-64,0.01819,0.08711,2.58,82261,7165,393952,1583747,19.25
KY,b,1980,65-69,0.02631,0.12371,2.6,75096,9290,353137,1189795,15.84
KY,b,1980,70-74,0.04009,0.18280,2.59,65806,12029,300033,836658,12.71
KY,b,1980,75-79,0.05856,0.25564,2.52,53777,13748,234751,536625,9.98
KY,b,1980,80-84,0.09142,0.37309,2.54,40029,14934,163357,301874,7.54
KY,b,1980,85-89,0.14503,0.52181,2.31,25095,13095,90290,138517,5.52
KY,b,1980,90-94,0.22189,0.68280,2.18,12000,8194,36927,48228,4.02
KY,b,1980,95-99,0.31859,0.81442,2,3806,3100,9730,11301,2.97
KY,b,1980,100-104,0.43975,0.90528,1.75,706,639,1454,1571,2.22
KY,b,1980,105-109,0.57052,0.95440,1.51,67,64,112,116,1.74
KY,b,1980,110+,0.67586,1.00000,1.48,3,3,5,5,1.48
KY,b,1981,0,0.01197,0.01184,0.08,100000,1184,98912,7328956,73.29
KY,b,1981,1-4,0.00063,0.00251,1.6,98816,248,394669,7230044,73.17
KY,b,1981,5-9,0.00025,0.00124,2.14,98568,122,492492,6835374,69.35
KY,b,1981,10-14,0.00030,0.00152,2.67,98446,150,491881,6342882,64.43
KY,b,1981,15-19,0.00093,0.00464,2.79,98296,456,490474,5851001,59.52
KY,b,1981,20-24,0.00115,0.00571,2.63,97840,559,487876,5360527,54.79
KY,b,1981,25-29,0.00119,0.00592,2.35,97281,576,484878,4872651,50.09
KY,b,1981,30-34,0.00133,0.00665,2.58,96705,643,481971,4387773,45.37
KY,b,1981,35-39,0.00183,0.00913,2.61,96062,877,478214,3905803,40.66
KY,b,1981,40-44,0.00285,0.01413,2.63,95186,1345,472746,3427589,36.01
KY,b,1981,45-49,0.00494,0.02441,2.66,93840,2290,463834,2954842,31.49
KY,b,1981,50-54,0.00761,0.03737,2.68,91550,3421,449815,2491008,27.21
KY,b,1981,55-59,0.01226,0.05956,2.65,88129,5249,428288,2041193,23.16
KY,b,1981,60-64,0.01793,0.08597,2.62,82880,7126,397427,1612905,19.46
KY,b,1981,65-69,0.02649,0.12456,2.6,75754,9436,356140,1215478,16.04
KY,b,1981,70-74,0.03805,0.17390,2.53,66319,11533,303107,859338,12.96
KY,b,1981,75-79,0.05727,0.25049,2.5,54786,13723,239609,556231,10.15
KY,b,1981,80-84,0.09116,0.36999,2.46,41063,15193,166658,316622,7.71
KY,b,1981,85-89,0.13840,0.50887,2.4,25870,13165,95122,149964,5.80
KY,b,1981,90-94,0.20354,0.65323,2.26,12705,8300,40775,54843,4.32
KY,b,1981,95-99,0.29361,0.78615,2.05,4406,3464,11797,14067,3.19
KY,b,1981,100-104,0.40332,0.88317,1.82,942,832,2063,2271,2.41
KY,b,1981,105-109,0.52551,0.94084,1.59,110,104,197,207,1.88
KY,b,1981,110+,0.62661,1.00000,1.6,7,7,10,10,1.60
KY,b,1982,0,0.01200,0.01187,0.08,100000,1187,98910,7354505,73.55
KY,b,1982,1-4,0.00063,0.00250,1.53,98813,247,394641,7255595,73.43
KY,b,1982,5-9,0.00028,0.00141,2.45,98566,139,492473,6860954,69.61
KY,b,1982,10-14,0.00028,0.00140,2.76,98426,138,491822,6368480,64.70
KY,b,1982,15-19,0.00097,0.00482,2.83,98288,474,490411,5876658,59.79
KY,b,1982,20-24,0.00126,0.00630,2.48,97814,617,487519,5386246,55.07
KY,b,1982,25-29,0.00111,0.00552,2.61,97198,537,484704,4898728,50.40
KY,b,1982,30-34,0.00131,0.00653,2.56,96661,631,481766,4414023,45.67
KY,b,1982,35-39,0.00193,0.00962,2.61,96030,924,477942,3932257,40.95
KY,b,1982,40-44,0.00281,0.01396,2.65,95106,1328,472407,3454316,36.32
KY,b,1982,45-49,0.00467,0.02308,2.7,93778,2164,463912,2981909,31.80
KY,b,1982,50-54,0.00780,0.03829,2.67,91614,3508,449889,2517997,27.48
KY,b,1982,55-59,0.01157,0.05629,2.6,88106,4959,428639,2068108,23.47
KY,b,1982,60-64,0.01756,0.08425,2.61,83147,7005,398960,1639469,19.72
KY,b,1982,65-69,0.02535,0.11937,2.57,76142,9089,358596,1240510,16.29
KY,b,1982,70-74,0.03765,0.17237,2.56,67053,11558,307009,881913,13.15
KY,b,1982,75-79,0.05482,0.24157,2.54,55495,13406,244538,574905,10.36
KY,b,1982,80-84,0.08927,0.36438,2.48,42089,15336,171798,330366,7.85
KY,b,1982,85-89,0.13322,0.49139,2.33,26753,13146,98678,158568,5.93
KY,b,1982,90-94,0.19935,0.64702,2.29,13607,8804,44163,59891,4.40
KY,b,1982,95-99,0.28523,0.77596,2.06,4803,3727,13066,15728,3.27
KY,b,1982,100-104,0.39205,0.87547,1.84,1076,942,2403,2662,2.47
KY,b,1982,105-109,0.51206,0.93611,1.61,134,125,245,259,1.93
KY,b,1982,110+,0.61198,1.00000,1.63,9,9,14,14,1.63
KY,b,1983,0,0.01148,0.01136,0.08,100000,1136,98955,7342204,73.42
KY,b,1983,1-4,0.00055,0.00220,1.7,98864,218,394954,7243249,73.26
KY,b,1983,5-9,0.00024,0.00120,2.39,98646,118,492923,6848294,69.42
KY,b,1983,10-14,0.00029,0.00146,2.76,98528,144,492318,6355372,64.50
KY,b,1983,15-19,0.00106,0.00528,2.88,98384,520,490820,5863054,59.59
KY,b,1983,20-24,0.00111,0.00555,2.57,97865,543,488005,5372234,54.89
KY,b,1983,25-29,0.00109,0.00541,2.48,97321,527,485279,4884229,50.19
KY,b,1983,30-34,0.00132,0.00656,2.71,96794,635,482518,4398950,45.45
KY,b,1983,35-39,0.00171,0.00852,2.69,96160,819,478910,3916431,40.73
KY,b,1983,40-44,0.00284,0.01411,2.66,95341,1346,473554,3437521,36.06
KY,b,1983,45-49,0.00475,0.02349,2.74,93995,2208,464993,2963967,31.53
KY,b,1983,50-54,0.00739,0.03629,2.63,91787,3331,451030,2498974,27.23
KY,b,1983,55-59,0.01176,0.05726,2.7,88457,5065,430627,2047944,23.15
KY,b,1983,60-64,0.01846,0.08842,2.62,83391,7373,399404,1617317,19.39
KY,b,1983,65-69,0.02638,0.12397,2.57,76018,9424,357211,1217914,16.02
KY,b,1983,70-74,0.03851,0.17602,2.56,66594,11722,304357,860702,12.92
KY,b,1983,75-79,0.05761,0.25192,2.51,54872,13824,239955,556345,10.14
KY,b,1983,80-84,0.09101,0.37155,2.53,41049,15251,167572,316390,7.71
KY,b,1983,85-89,0.13850,0.50786,2.38,25797,13101,94596,148818,5.77
KY,b,1983,90-94,0.20615,0.65756,2.25,12696,8348,40496,54222,4.27
KY,b,1983,95-99,0.29722,0.79060,2.04,4348,3437,11564,13726,3.16
KY,b,1983,100-104,0.40971,0.88748,1.81,910,808,1972,2162,2.37
KY,b,1983,105-109,0.53458,0.94392,1.57,102,97,181,190,1.85
KY,b,1983,110+,0.63757,1.00000,1.57,6,6,9,9,1.57
KY,b,1984,0,0.01152,0.01140,0.08,100000,1140,98952,7382229,73.82
KY,b,1984,1-4,0.00051,0.00204,1.76,98860,201,394989,7283278,73.67
KY,b,1984,5-9,0.00023,0.00116,2.33,98659,115,492988,6888289,69.82
KY,b,1984,10-14,0.00025,0.00124,2.85,98544,122,492458,6395301,64.90
KY,b,1984,15-19,0.00087,0.00436,2.99,98422,430,491246,5902844,59.97
KY,b,1984,20-24,0.00106,0.00530,2.51,97993,520,488670,5411597,55.22
KY,b,1984,25-29,0.00104,0.00521,2.58,97473,508,486137,4922927,50.51
KY,b,1984,30-34,0.00120,0.00598,2.51,96965,580,483380,4436790,45.76
KY,b,1984,35-39,0.00171,0.00852,2.59,96385,821,479949,3953410,41.02
KY,b,1984,40-44,0.00261,0.01297,2.74,95564,1239,475018,3473461,36.35
KY,b,1984,45-49,0.00452,0.02239,2.71,94325,2112,466780,2998443,31.79
KY,b,1984,50-54,0.00769,0.03775,2.65,92213,3481,452880,2531663,27.45
KY,b,1984,55-59,0.01118,0.05451,2.71,88732,4837,432586,2078783,23.43
KY,b,1984,60-64,0.01824,0.08739,2.6,83895,7332,401890,1646196,19.62
KY,b,1984,65-69,0.02610,0.12276,2.59,76563,9399,360164,1244307,16.25
KY,b,1984,70-74,0.03813,0.17429,2.54,67164,11706,307007,884142,13.16
KY,b,1984,75-79,0.05467,0.24112,2.55,55458,13372,244574,577135,10.41
KY,b,1984,80-84,0.08692,0.35715,2.51,42086,15031,172932,332561,7.90
KY,b,1984,85-89,0.13365,0.49610,2.4,27055,13422,100423,159629,5.90
KY,b,1984,90-94,0.20225,0.64957,2.25,13633,8856,43785,59206,4.34
KY,b,1984,95-99,0.28954,0.78172,2.06,4777,3735,12899,15421,3.23
KY,b,1984,100-104,0.40159,0.88239,1.82,1043,920,2291,2522,2.42
KY,b,1984,105-109,0.52703,0.94157,1.59,123,115,219,230,1.88
KY,b,1984,110+,0.63097,1.00000,1.58,7,7,11,11,1.58
KY,b,1985,0,0.01136,0.01124,0.08,100000,1124,98966,7371432,73.71
KY,b,1985,1-4,0.00043,0.00173,1.39,98876,171,395055,7272466,73.55
KY,b,1985,5-9,0.00022,0.00110,2.32,98704,109,493229,6877411,69.68
KY,b,1985,10-14,0.00025,0.00127,2.72,98595,125,492692,6384181,64.75
KY,b,1985,15-19,0.00085,0.00422,2.77,98471,416,491427,5891489,59.83
KY,b,1985,20-24,0.00102,0.00509,2.59,98055,499,489071,5400062,55.07
KY,b,1985,25-29,0.00096,0.00481,2.47,97556,469,486593,4910991,50.34
KY,b,1985,30-34,0.00119,0.00593,2.59,97087,576,484051,4424398,45.57
KY,b,1985,35-39,0.00168,0.00836,2.58,96512,807,480607,3940347,40.83
KY,b,1985,40-44,0.00268,0.01333,2.74,95705,1276,475637,3459739,36.15
KY,b,1985,45-49,0.00422,0.02087,2.68,94429,1971,467560,2984102,31.60
KY,b,1985,50-54,0.00751,0.03690,2.62,92457,3412,454179,2516542,27.22
KY,b,1985,55-59,0.01177,0.05725,2.65,89046,5098,433259,2062363,23.16
KY,b,1985,60-64,0.01749,0.08394,2.59,83947,7046,402786,1629105,19.41
KY,b,1985,65-69,0.02731,0.12805,2.56,76901,9847,360516,1226319,15.95
KY,b,1985,70-74,0.03876,0.17710,2.57,67054,11875,306404,865803,12.91
KY,b,1985,75-79,0.05713,0.25019,2.52,55179,13805,241645,559400,10.14
KY,b,1985,80-84,0.09125,0.37267,2.54,41374,15419,168982,317754,7.68
KY,b,1985,85-89,0.13680,0.50470,2.4,25955,13099,95755,148773,5.73
KY,b,1985,90-94,0.21484,0.67684,2.27,12856,8701,40501,53017,4.12
KY,b,1985,95-99,0.31337,0.80888,2.01,4154,3360,10723,12517,3.01
KY,b,1985,100-104,0.43243,0.90116,1.76,794,716,1655,1793,2.26
KY,b,1985,105-109,0.56128,0.95187,1.53,78,75,133,139,1.77
KY,b,1985,110+,0.66557,1.00000,1.5,4,4,6,6,1.50
KY,b,1986,0,0.00990,0.00981,0.08,100000,981,99093,7376986,73.77
KY,b,1986,1-4,0.00047,0.00186,1.51,99019,185,395617,7277893,73.50
KY,b,1986,5-9,0.00027,0.00137,2.3,98834,136,493806,6882277,69.63
KY,b,1986,10-14,0.00026,0.00128,2.96,98699,127,493235,6388471,64.73
KY,b,1986,15-19,0.00093,0.00466,2.8,98572,459,491847,5895236,59.81
KY,b,1986,20-24,0.00115,0.00573,2.5,98113,562,489160,5403388,55.07
KY,b,1986,25-29,0.00113,0.00565,2.44,97551,552,486344,4914228,50.38
KY,b,1986,30-34,0.00141,0.00704,2.59,96999,682,483355,4427885,45.65
KY,b,1986,35-39,0.00181,0.00901,2.68,96317,868,479568,3944530,40.95
KY,b,1986,40-44,0.00264,0.01314,2.74,95449,1254,474416,3464962,36.30
KY,b,1986,45-49,0.00438,0.02167,2.68,94195,2041,466233,2990546,31.75
KY,b,1986,50-54,0.00758,0.03725,2.67,92154,3432,452773,2524313,27.39
KY,b,1986,55-59,0.01128,0.05495,2.66,88722,4875,432190,2071540,23.35
KY,b,1986,60-64,0.01790,0.08581,2.59,83846,7195,401889,1639350,19.55
KY,b,1986,65-69,0.02585,0.12157,2.56,76651,9318,360529,1237461,16.14
KY,b,1986,70-74,0.03836,0.17557,2.59,67333,11822,308176,876932,13.02
KY,b,1986,75-79,0.05682,0.24921,2.54,55511,13834,243489,568756,10.25
KY,b,1986,80-84,0.08822,0.36124,2.49,41677,15056,170660,325267,7.80
KY,b,1986,85-89,0.13675,0.50264,2.37,26621,13381,97854,154607,5.81
KY,b,1986,90-94,0.20575,0.65630,2.24,13240,8690,42234,56752,4.29
KY,b,1986,95-99,0.29386,0.78650,2.05,4551,3579,12180,14518,3.19
KY,b,1986,100-104,0.40390,0.88354,1.82,972,858,2125,2338,2.41
KY,b,1986,105-109,0.52603,0.94099,1.59,113,106,202,213,1.88
KY,b,1986,110+,0.62693,1.00000,1.6,7,7,11,11,1.60
KY,b,1987,0,0.00988,0.00979,0.08,100000,979,99096,7398960,73.99
KY,b,1987,1-4,0.00054,0.00218,1.79,99021,216,395608,7299864,73.72
KY,b,1987,5-9,0.00025,0.00125,2.52,98806,124,493722,6904256,69.88
KY,b,1987,10-14,0.00027,0.00137,3.08,98682,136,493149,6410534,64.96
KY,b,1987,15-19,0.00089,0.00446,2.75,98546,440,491744,5917385,60.05
KY,b,1987,20-24,0.00123,0.00611,2.45,98106,599,489002,5425641,55.30
KY,b,1987,25-29,0.00128,0.00636,2.49,97507,620,485979,4936639,50.63
KY,b,1987,30-34,0.00127,0.00633,2.51,96887,613,482910,4450660,45.94
KY,b,1987,35-39,0.00169,0.00841,2.68,96274,810,479492,3967750,41.21
KY,b,1987,40-44,0.00262,0.01304,2.61,95464,1245,474349,3488258,36.54
KY,b,1987,45-49,0.00426,0.02110,2.63,94219,1988,466393,3013909,31.99
KY,b,1987,50-54,0.00717,0.03528,2.69,92232,3253,453648,2547516,27.62
KY,b,1987,55-59,0.01145,0.05576,2.65,88978,4961,433228,2093868,23.53
KY,b,1987,60-64,0.01700,0.08168,2.6,84017,6862,403632,1660640,19.77
KY,b,1987,65-69,0.02615,0.12290,2.56,77154,9482,362597,1257008,16.29
KY,b,1987,70-74,0.03661,0.16804,2.56,67672,11371,310602,894411,13.22
KY,b,1987,75-79,0.05505,0.24240,2.54,56301,13647,247889,583809,10.37
KY,b,1987,80-84,0.08672,0.35657,2.51,42654,15209,175390,335920,7.88
KY,b,1987,85-89,0.13480,0.49993,2.42,27444,13720,101786,160531,5.85
KY,b,1987,90-94,0.20485,0.65614,2.26,13724,9005,43958,58744,4.28
KY,b,1987,95-99,0.29944,0.79362,2.04,4719,3745,12507,14786,3.13
KY,b,1987,100-104,0.41608,0.89177,1.8,974,869,2087,2279,2.34
KY,b,1987,105-109,0.54482,0.94725,1.56,105,100,183,192,1.82
KY,b,1987,110+,0.65014,1.00000,1.54,6,6,9,9,1.54
KY,b,1988,0,0.01084,0.01073,0.08,100000,1073,99011,7386851,73.87
KY,b,1988,1-4,0.00051,0.00202,1.82,98927,200,395272,7287839,73.67
KY,b,1988,5-9,0.00020,0.00101,2.15,98727,100,493350,6892567,69.81
KY,b,1988,10-14,0.00037,0.00185,2.98,98627,182,492768,6399217,64.88
KY,b,1988,15-19,0.00090,0.00451,2.79,98445,444,491246,5906449,60.00
KY,b,1988,20-24,0.00106,0.00530,2.47,98001,519,488693,5415203,55.26
KY,b,1988,25-29,0.00115,0.00573,2.48,97482,559,486005,4926510,50.54
KY,b,1988,30-34,0.00131,0.00655,2.59,96924,634,483087,4440506,45.81
KY,b,1988,35-39,0.00180,0.00894,2.53,96289,861,479317,3957418,41.10
KY,b,1988,40-44,0.00245,0.01219,2.63,95428,1163,474386,3478102,36.45
KY,b,1988,45-49,0.00409,0.02028,2.69,94265,1911,466913,3003715,31.86
KY,b,1988,50-54,0.00685,0.03373,2.72,92354,3115,454678,2536802,27.47
KY,b,1988,55-59,0.01159,0.05643,2.69,89239,5036,434544,2082124,23.33
KY,b,1988,60-64,0.01730,0.08310,2.63,84203,6998,404460,1647580,19.57
KY,b,1988,65-69,0.02709,0.12718,2.6,77205,9819,362428,1243120,16.10
KY,b,1988,70-74,0.03704,0.17015,2.61,67386,11466,309561,880693,13.07
KY,b,1988,75-79,0.05693,0.24969,2.54,55920,13963,245279,571132,10.21
KY,b,1988,80-84,0.08753,0.35873,2.49,41958,15051,171957,325852,7.77
KY,b,1988,85-89,0.13786,0.50622,2.38,26906,13621,98798,153896,5.72
KY,b,1988,90-94,0.21296,0.67432,2.28,13286,8959,42068,55097,4.15
KY,b,1988,95-99,0.31333,0.80911,2.01,4327,3501,11173,13029,3.01
KY,b,1988,100-104,0.43470,0.90266,1.76,826,746,1715,1856,2.25
KY,b,1988,105-109,0.56621,0.95333,1.52,80,77,135,141,1.75
KY,b,1988,110+,0.67237,1.00000,1.49,4,4,6,6,1.49
KY,b,1989,0,0.01040,0.01031,0.08,100000,1031,99049,7401749,74.02
KY,b,1989,1-4,0.00051,0.00203,1.75,98969,201,395426,7302700,73.79
KY,b,1989,5-9,0.00025,0.00125,2.21,98768,123,493498,6907274,69.93
KY,b,1989,10-14,0.00028,0.00140,2.74,98645,138,492915,6413776,65.02
KY,b,1989,15-19,0.00092,0.00457,2.87,98507,450,491578,5920862,60.11
KY,b,1989,20-24,0.00105,0.00523,2.69,98057,513,489099,5429284,55.37
KY,b,1989,25-29,0.00116,0.00578,2.52,97544,564,486320,4940185,50.65
KY,b,1989,30-34,0.00139,0.00691,2.65,96980,670,483321,4453864,45.93
KY,b,1989,35-39,0.00169,0.00842,2.7,96309,811,479682,3970543,41.23
KY,b,1989,40-44,0.00264,0.01314,2.68,95499,1255,474579,3490861,36.55
KY,b,1989,45-49,0.00435,0.02153,2.7,94244,2029,466552,3016282,32.01
KY,b,1989,50-54,0.00713,0.03508,2.7,92214,3234,453626,2549730,27.65
KY,b,1989,55-59,0.01091,0.05317,2.64,88980,4731,433738,2096104,23.56
KY,b,1989,60-64,0.01709,0.08220,2.69,84249,6926,405217,1662366,19.73
KY,b,1989,65-69,0.02559,0.12050,2.58,77323,9318,364081,1257149,16.26
KY,b,1989,70-74,0.03843,0.17602,2.62,68006,11970,311510,893068,13.13
KY,b,1989,75-79,0.05636,0.24723,2.52,56035,13854,245829,581558,10.38
KY,b,1989,80-84,0.08438,0.34833,2.5,42182,14693,174125,335729,7.96
KY,b,1989,85-89,0.13238,0.49208,2.39,27488,13526,102177,161604,5.88
KY,b,1989,90-94,0.20676,0.65846,2.24,13962,9193,44465,59427,4.26
KY,b,1989,95-99,0.29905,0.79313,2.04,4769,3782,12647,14962,3.14
KY,b,1989,100-104,0.41486,0.89090,1.8,986,879,2118,2315,2.35
KY,b,1989,105-109,0.54211,0.94634,1.56,108,102,188,197,1.83
KY,b,1989,110+,0.64621,1.00000,1.55,6,6,9,9,1.55
KY,b,1990,0,0.00985,0.00976,0.08,100000,976,99098,7436358,74.36
KY,b,1990,1-4,0.00046,0.00184,1.75,99024,182,395687,7337260,74.10
KY,b,1990,5-9,0.00025,0.00125,2.06,98842,124,493847,6941573,70.23
KY,b,1990,10-14,0.00022,0.00110,2.83,98718,108,493357,6447727,65.31
KY,b,1990,15-19,0.00095,0.00475,2.68,98610,468,491965,5954369,60.38
KY,b,1990,20-24,0.00114,0.00567,2.61,98142,557,489379,5462405,55.66
KY,b,1990,25-29,0.00122,0.00607,2.61,97585,592,486510,4973026,50.96
KY,b,1990,30-34,0.00141,0.00705,2.63,96993,684,483347,4486515,46.26
KY,b,1990,35-39,0.00176,0.00877,2.72,96309,844,479626,4003169,41.57
KY,b,1990,40-44,0.00247,0.01229,2.69,95465,1173,474620,3523543,36.91
KY,b,1990,45-49,0.00382,0.01894,2.74,94292,1786,467419,3048923,32.34
KY,b,1990,50-54,0.00668,0.03289,2.65,92505,3042,455365,2581504,27.91
KY,b,1990,55-59,0.01078,0.05259,2.7,89463,4705,436508,2126139,23.77
KY,b,1990,60-64,0.01657,0.07975,2.65,84758,6759,407884,1689632,19.93
KY,b,1990,65-69,0.02491,0.11746,2.57,77999,9161,367745,1281748,16.43
KY,b,1990,70-74,0.03736,0.17143,2.6,68837,11801,315837,914003,13.28
KY,b,1990,75-79,0.05511,0.24264,2.54,57037,13839,251124,598166,10.49
KY,b,1990,80-84,0.08491,0.35064,2.52,43197,15147,178383,347042,8.03
KY,b,1990,85-89,0.12841,0.48289,2.43,28051,13545,105486,168659,6.01
KY,b,1990,90-94,0.19940,0.64612,2.28,14506,9372,47002,63173,4.36
KY,b,1990,95-99,0.29741,0.79148,2.05,5133,4063,13661,16171,3.15
KY,b,1990,100-104,0.41500,0.89124,1.8,1070,954,2299,2510,2.35
KY,b,1990,105-109,0.54497,0.94738,1.56,116,110,202,212,1.82
KY,b,1990,110+,0.65146,1.00000,1.54,6,6,9,9,1.54
KY,b,1991,0,0.00988,0.00979,0.08,100000,979,99095,7441806,74.42
KY,b,1991,1-4,0.00057,0.00228,1.69,99021,226,395563,7342711,74.15
KY,b,1991,5-9,0.00027,0.00136,2.56,98795,134,493649,6947148,70.32
KY,b,1991,10-14,0.00031,0.00157,2.76,98661,155,492958,6453499,65.41
KY,b,1991,15-19,0.00086,0.00428,2.71,98506,422,491566,5960541,60.51
KY,b,1991,20-24,0.00114,0.00570,2.27,98085,559,488898,5468976,55.76
KY,b,1991,25-29,0.00114,0.00570,2.39,97526,556,486179,4980077,51.06
KY,b,1991,30-34,0.00142,0.00707,2.61,96970,686,483214,4493899,46.34
KY,b,1991,35-39,0.00177,0.00882,2.6,96284,849,479388,4010685,41.65
KY,b,1991,40-44,0.00246,0.01222,2.61,95436,1166,474389,3531297,37.00
KY,b,1991,45-49,0.00408,0.02022,2.76,94269,1906,467082,3056908,32.43
KY,b,1991,50-54,0.00636,0.03134,2.74,92364,2895,455283,2589827,28.04
KY,b,1991,55-59,0.01081,0.05271,2.65,89469,4716,436282,2134544,23.86
KY,b,1991,60-64,0.01627,0.07830,2.59,84752,6636,407773,1698262,20.04
KY,b,1991,65-69,0.02492,0.11761,2.61,78116,9187,368610,1290489,16.52
KY,b,1991,70-74,0.03679,0.16885,2.57,68929,11638,316371,921879,13.37
KY,b,1991,75-79,0.05319,0.23485,2.51,57291,13455,252963,605509,10.57
KY,b,1991,80-84,0.08474,0.34990,2.51,43836,15338,180994,352545,8.04
KY,b,1991,85-89,0.12915,0.48526,2.44,28498,13829,107073,171552,6.02
KY,b,1991,90-94,0.19751,0.64077,2.26,14669,9400,47591,64478,4.40
KY,b,1991,95-99,0.29173,0.78462,2.06,5270,4135,14173,16887,3.20
KY,b,1991,100-104,0.40629,0.88562,1.82,1135,1005,2474,2715,2.39
KY,b,1991,105-109,0.53385,0.94387,1.58,130,123,230,241,1.86
KY,b,1991,110+,0.63904,1.00000,1.56,7,7,11,11,1.56
KY,b,1992,0,0.00874,0.00867,0.07,100000,867,99196,7483778,74.84
KY,b,1992,1-4,0.00047,0.00190,1.64,99133,188,396089,7384582,74.49
KY,b,1992,5-9,0.00025,0.00122,2.5,98945,121,494422,6988493,70.63
KY,b,1992,10-14,0.00027,0.00137,2.88,98824,136,493831,6494071,65.71
KY,b,1992,15-19,0.00094,0.00471,2.66,98688,464,492351,6000240,60.80
KY,b,1992,20-24,0.00106,0.00531,2.36,98224,521,489739,5507889,56.07
KY,b,1992,25-29,0.00107,0.00534,2.54,97702,521,487231,5018149,51.36
KY,b,1992,30-34,0.00122,0.00609,2.67,97181,592,484521,4530919,46.62
KY,b,1992,35-39,0.00185,0.00923,2.61,96588,892,480809,4046398,41.89
KY,b,1992,40-44,0.00264,0.01313,2.63,95697,1257,475501,3565589,37.26
KY,b,1992,45-49,0.00372,0.01845,2.76,94440,1742,468305,3090087,32.72
KY,b,1992,50-54,0.00656,0.03231,2.65,92698,2995,456446,2621782,28.28
KY,b,1992,55-59,0.01004,0.04906,2.7,89703,4400,438386,2165336,24.14
KY,b,1992,60-64,0.01641,0.07893,2.59,85303,6733,410256,1726951,20.24
KY,b,1992,65-69,0.02438,0.11518,2.61,78570,9050,371254,1316695,16.76
KY,b,1992,70-74,0.03540,0.16296,2.57,69521,11329,320046,945441,13.60
KY,b,1992,75-79,0.05182,0.23012,2.57,58192,13391,258398,625395,10.75
KY,b,1992,80-84,0.08138,0.33796,2.49,44801,15141,186048,366997,8.19
KY,b,1992,85-89,0.12394,0.47090,2.45,29660,13967,112694,180949,6.10
KY,b,1992,90-94,0.19992,0.64661,2.27,15693,10147,50755,68255,4.35
KY,b,1992,95-99,0.29673,0.79087,2.05,5546,4386,14781,17500,3.16
KY,b,1992,100-104,0.41515,0.89139,1.8,1160,1034,2490,2719,2.34
KY,b,1992,105-109,0.54545,0.94753,1.56,126,119,219,229,1.82
KY,b,1992,110+,0.65191,1.00000,1.53,7,7,10,10,1.53
KY,b,1993,0,0.00830,0.00823,0.07,100000,823,99235,7451607,74.52
KY,b,1993,1-4,0.00043,0.00172,1.69,99177,170,396313,7352372,74.13
KY,b,1993,5-9,0.00022,0.00110,2.78,99006,109,494789,6956059,70.26
KY,b,1993,10-14,0.00025,0.00125,2.84,98897,124,494219,6461270,65.33
KY,b,1993,15-19,0.00099,0.00495,2.81,98774,489,492799,5967051,60.41
KY,b,1993,20-24,0.00099,0.00492,2.62,98285,484,490275,5474252,55.70
KY,b,1993,25-29,0.00106,0.00529,2.71,97801,517,487822,4983977,50.96
KY,b,1993,30-34,0.00144,0.00715,2.52,97284,696,484699,4496155,46.22
KY,b,1993,35-39,0.00180,0.00897,2.68,96588,866,480928,4011456,41.53
KY,b,1993,40-44,0.00260,0.01294,2.63,95722,1239,475675,3530529,36.88
KY,b,1993,45-49,0.00420,0.02079,2.67,94483,1964,467833,3054854,32.33
KY,b,1993,50-54,0.00621,0.03062,2.64,92519,2833,455907,2587021,27.96
KY,b,1993,55-59,0.01066,0.05198,2.62,89686,4662,437325,2131114,23.76
KY,b,1993,60-64,0.01706,0.08197,2.61,85024,6970,408430,1693789,19.92
KY,b,1993,65-69,0.02457,0.11607,2.62,78055,9060,368686,1285359,16.47
KY,b,1993,70-74,0.03694,0.16960,2.59,68995,11701,316731,916673,13.29
KY,b,1993,75-79,0.05447,0.24067,2.58,57293,13789,253162,599941,10.47
KY,b,1993,80-84,0.08401,0.34692,2.49,43504,15093,179657,346779,7.97
KY,b,1993,85-89,0.13401,0.49718,2.41,28412,14126,105408,167122,5.88
KY,b,1993,90-94,0.20036,0.64867,2.28,14286,9267,46251,61714,4.32
KY,b,1993,95-99,0.30478,0.80029,2.03,5019,4017,13179,15463,3.08
KY,b,1993,100-104,0.42803,0.89933,1.78,1002,901,2106,2284,2.28
KY,b,1993,105-109,0.56325,0.95279,1.53,101,96,171,178,1.76
KY,b,1993,110+,0.67289,1.00000,1.49,5,5,7,7,1.49
KY,b,1994,0,0.00817,0.00811,0.07,100000,811,99247,7464655,74.65
KY,b,1994,1-4,0.00045,0.00178,1.8,99189,177,396368,7365408,74.26
KY,b,1994,5-9,0.00020,0.00098,2.04,99012,97,494776,6969040,70.39
KY,b,1994,10-14,0.00021,0.00107,3.13,98916,106,494381,6474264,65.45
KY,b,1994,15-19,0.00084,0.00417,2.8,98810,412,493142,5979883,60.52
KY,b,1994,20-24,0.00100,0.00500,2.55,98398,492,490783,5486741,55.76
KY,b,1994,25-29,0.00105,0.00521,2.45,97906,511,488228,4995959,51.03
KY,b,1994,30-34,0.00152,0.00758,2.54,97396,738,485160,4507731,46.28
KY,b,1994,35-39,0.00190,0.00943,2.6,96658,912,481103,4022570,41.62
KY,b,1994,40-44,0.00242,0.01204,2.63,95746,1153,475999,3541467,36.99
KY,b,1994,45-49,0.00394,0.01952,2.71,94592,1846,468738,3065468,32.41
KY,b,1994,50-54,0.00643,0.03169,2.73,92746,2939,457046,2596730,28.00
KY,b,1994,55-59,0.01065,0.05198,2.73,89807,4668,438453,2139684,23.83
KY,b,1994,60-64,0.01644,0.07907,2.61,85139,6732,409612,1701231,19.98
KY,b,1994,65-69,0.02442,0.11535,2.6,78407,9044,370367,1291620,16.47
KY,b,1994,70-74,0.03674,0.16879,2.6,69363,11708,318672,921252,13.28
KY,b,1994,75-79,0.05414,0.23873,2.53,57655,13764,254239,602580,10.45
KY,b,1994,80-84,0.08515,0.35195,2.54,43892,15448,181429,348340,7.94
KY,b,1994,85-89,0.13219,0.49090,2.38,28444,13963,105626,166911,5.87
KY,b,1994,90-94,0.20787,0.66558,2.3,14481,9638,46366,61284,4.23
KY,b,1994,95-99,0.30521,0.80035,2.03,4843,3876,12699,14918,3.08
KY,b,1994,100-104,0.42486,0.89710,1.78,967,867,2042,2219,2.30
KY,b,1994,105-109,0.55546,0.95039,1.54,99,95,170,178,1.79
KY,b,1994,110+,0.66159,1.00000,1.51,5,5,7,7,1.51
KY,b,1995,0,0.00781,0.00775,0.07,100000,775,99279,7478672,74.79
KY,b,1995,1-4,0.00048,0.00191,1.81,99225,189,396484,7379393,74.37
KY,b,1995,5-9,0.00017,0.00083,2.5,99035,82,494971,6982908,70.51
KY,b,1995,10-14,0.00025,0.00127,3.08,98953,126,494524,6487937,65.57
KY,b,1995,15-19,0.00089,0.00445,2.64,98827,440,493098,5993414,60.65
KY,b,1995,20-24,0.00095,0.00476,2.42,98388,469,490730,5500316,55.90
KY,b,1995,25-29,0.00111,0.00555,2.57,97919,544,488272,5009586,51.16
KY,b,1995,30-34,0.00156,0.00775,2.61,97376,755,485071,4521314,46.43
KY,b,1995,35-39,0.00181,0.00899,2.64,96621,869,481051,4036243,41.77
KY,b,1995,40-44,0.00263,0.01306,2.74,95752,1251,475928,3555191,37.13
KY,b,1995,45-49,0.00402,0.01994,2.69,94501,1884,468151,3079263,32.58
KY,b,1995,50-54,0.00638,0.03143,2.67,92617,2911,456308,2611112,28.19
KY,b,1995,55-59,0.01024,0.05001,2.66,89706,4486,438029,2154803,24.02
KY,b,1995,60-64,0.01578,0.07605,2.64,85220,6481,410799,1716774,20.15
KY,b,1995,65-69,0.02373,0.11224,2.6,78739,8838,372514,1305975,16.59
KY,b,1995,70-74,0.03669,0.16844,2.57,69901,11774,320891,933461,13.35
KY,b,1995,75-79,0.05456,0.24075,2.56,58127,13994,256504,612570,10.54
KY,b,1995,80-84,0.08272,0.34306,2.51,44133,15140,183023,356067,8.07
KY,b,1995,85-89,0.12960,0.48714,2.45,28993,14124,108976,173043,5.97
KY,b,1995,90-94,0.20163,0.64957,2.26,14869,9659,47902,64067,4.31
KY,b,1995,95-99,0.30254,0.79762,2.04,5211,4156,13737,16165,3.10
KY,b,1995,100-104,0.42346,0.89647,1.78,1055,945,2232,2427,2.30
KY,b,1995,105-109,0.55575,0.95058,1.54,109,104,187,195,1.78
KY,b,1995,110+,0.66327,1.00000,1.51,5,5,8,8,1.51
KY,b,1996,0,0.00770,0.00765,0.07,100000,765,99289,7498213,74.98
KY,b,1996,1-4,0.00036,0.00145,1.58,99235,144,396592,7398925,74.56
KY,b,1996,5-9,0.00025,0.00122,2.53,99091,121,495155,7002333,70.67
KY,b,1996,10-14,0.00021,0.00103,2.85,98970,102,494630,6507177,65.75
KY,b,1996,15-19,0.00091,0.00456,2.81,98868,451,493352,6012547,60.81
KY,b,1996,20-24,0.00086,0.00430,2.55,98417,423,491049,5519195,56.08
KY,b,1996,25-29,0.00111,0.00555,2.58,97994,544,488656,5028146,51.31
KY,b,1996,30-34,0.00135,0.00674,2.65,97451,656,485709,4539489,46.58
KY,b,1996,35-39,0.00180,0.00895,2.69,96794,866,481968,4053780,41.88
KY,b,1996,40-44,0.00255,0.01269,2.63,95928,1217,476751,3571811,37.23
KY,b,1996,45-49,0.00390,0.01931,2.66,94711,1829,469265,3095060,32.68
KY,b,1996,50-54,0.00622,0.03064,2.68,92882,2846,457813,2625795,28.27
KY,b,1996,55-59,0.01004,0.04904,2.63,90035,4415,439711,2167983,24.08
KY,b,1996,60-64,0.01673,0.08050,2.66,85620,6892,411981,1728272,20.19
KY,b,1996,65-69,0.02329,0.11035,2.63,78728,8688,373084,1316291,16.72
KY,b,1996,70-74,0.03605,0.16594,2.61,70040,11622,322416,943207,13.47
KY,b,1996,75-79,0.05247,0.23275,2.58,58418,13597,259149,620791,10.63
KY,b,1996,80-84,0.08234,0.34292,2.56,44821,15370,186669,361642,8.07
KY,b,1996,85-89,0.13124,0.49011,2.42,29451,14434,109988,174973,5.94
KY,b,1996,90-94,0.20009,0.64711,2.27,15017,9718,48566,64985,4.33
KY,b,1996,95-99,0.30265,0.79808,2.04,5299,4229,13974,16419,3.10
KY,b,1996,100-104,0.42665,0.89866,1.78,1070,962,2254,2445,2.28
KY,b,1996,105-109,0.56283,0.95274,1.53,108,103,184,191,1.76
KY,b,1996,110+,0.67331,1.00000,1.49,5,5,8,8,1.49
KY,b,1997,0,0.00748,0.00743,0.07,100000,743,99309,7503107,75.03
KY,b,1997,1-4,0.00037,0.00147,1.69,99257,146,396693,7403798,74.59
KY,b,1997,5-9,0.00027,0.00136,2.37,99112,135,495203,7007105,70.70
KY,b,1997,10-14,0.00024,0.00118,2.61,98976,117,494603,6511901,65.79
KY,b,1997,15-19,0.00086,0.00431,2.97,98860,426,493432,6017298,60.87
KY,b,1997,20-24,0.00101,0.00504,2.58,98434,496,490969,5523866,56.12
KY,b,1997,25-29,0.00105,0.00523,2.45,97938,512,488382,5032897,51.39
KY,b,1997,30-34,0.00130,0.00650,2.64,97426,633,485632,4544515,46.65
KY,b,1997,35-39,0.00180,0.00898,2.61,96792,869,481886,4058882,41.93
KY,b,1997,40-44,0.00237,0.01179,2.64,95923,1131,476940,3576996,37.29
KY,b,1997,45-49,0.00378,0.01873,2.69,94792,1776,469858,3100056,32.70
KY,b,1997,50-54,0.00642,0.03162,2.69,93016,2941,458287,2630199,28.28
KY,b,1997,55-59,0.00946,0.04627,2.68,90075,4168,440720,2171912,24.11
KY,b,1997,60-64,0.01571,0.07583,2.71,85907,6514,414616,1731192,20.15
KY,b,1997,65-69,0.02352,0.11128,2.59,79393,8835,375645,1316576,16.58
KY,b,1997,70-74,0.03637,0.16715,2.58,70558,11794,324297,940931,13.34
KY,b,1997,75-79,0.05324,0.23545,2.55,58764,13836,259882,616634,10.49
KY,b,1997,80-84,0.08380,0.34716,2.53,44928,15597,186128,356752,7.94
KY,b,1997,85-89,0.13385,0.49755,2.42,29331,14593,109026,170624,5.82
KY,b,1997,90-94,0.20905,0.66168,2.23,14737,9751,46647,61598,4.18
KY,b,1997,95-99,0.31448,0.81083,2.01,4986,4043,12855,14951,3.00
KY,b,1997,100-104,0.43983,0.90572,1.75,943,854,1942,2096,2.22
KY,b,1997,105-109,0.57457,0.95563,1.51,89,85,148,154,1.73
KY,b,1997,110+,0.68256,1.00000,1.47,4,4,6,6,1.47
KY,b,1998,0,0.00784,0.00778,0.07,100000,778,99277,7528480,75.28
KY,b,1998,1-4,0.00039,0.00158,1.6,99222,157,396512,7429203,74.87
KY,b,1998,5-9,0.00020,0.00101,2.31,99065,100,495059,7032692,70.99
KY,b,1998,10-14,0.00022,0.00108,2.74,98966,106,494588,6537633,66.06
KY,b,1998,15-19,0.00078,0.00387,2.88,98859,383,493486,6043045,61.13
KY,b,1998,20-24,0.00093,0.00464,2.61,98476,457,491291,5549560,56.35
KY,b,1998,25-29,0.00106,0.00528,2.51,98020,517,488810,5058269,51.60
KY,b,1998,30-34,0.00133,0.00662,2.61,97502,646,485965,4569459,46.87
KY,b,1998,35-39,0.00177,0.00883,2.66,96857,855,482286,4083494,42.16
KY,b,1998,40-44,0.00253,0.01256,2.7,96002,1206,477232,3601208,37.51
KY,b,1998,45-49,0.00370,0.01832,2.64,94796,1737,469873,3123976,32.95
KY,b,1998,50-54,0.00574,0.02832,2.67,93059,2635,459164,2654103,28.52
KY,b,1998,55-59,0.00947,0.04634,2.7,90424,4190,442482,2194938,24.27
KY,b,1998,60-64,0.01468,0.07096,2.67,86233,6119,416938,1752456,20.32
KY,b,1998,65-69,0.02335,0.11051,2.58,80114,8854,379126,1335519,16.67
KY,b,1998,70-74,0.03590,0.16529,2.61,71260,11779,328107,956393,13.42
KY,b,1998,75-79,0.05248,0.23274,2.57,59482,13844,263768,628287,10.56
KY,b,1998,80-84,0.08215,0.34181,2.55,45638,15600,189895,364519,7.99
KY,b,1998,85-89,0.13248,0.49376,2.42,30039,14832,111952,174623,5.81
KY,b,1998,90-94,0.21297,0.67316,2.27,15207,10237,48066,62672,4.12
KY,b,1998,95-99,0.32111,0.81863,2.01,4970,4069,12671,14606,2.94
KY,b,1998,100-104,0.45597,0.91471,1.73,901,825,1808,1936,2.15
KY,b,1998,105-109,0.60019,0.96204,1.47,77,74,123,127,1.66
KY,b,1998,110+,0.71381,1.00000,1.4,3,3,4,4,1.40
KY,b,1999,0,0.00778,0.00772,0.07,100000,772,99282,7509821,75.10
KY,b,1999,1-4,0.00028,0.00111,1.58,99228,110,396644,7410539,74.68
KY,b,1999,5-9,0.00019,0.00097,2.34,99118,96,495332,7013895,70.76
KY,b,1999,10-14,0.00024,0.00120,2.74,99022,119,494839,6518563,65.83
KY,b,1999,15-19,0.00079,0.00394,2.92,98903,390,493703,6023723,60.91
KY,b,1999,20-24,0.00081,0.00406,2.51,98513,400,491569,5530021,56.13
KY,b,1999,25-29,0.00098,0.00491,2.56,98113,482,489387,5038452,51.35
KY,b,1999,30-34,0.00129,0.00644,2.62,97631,629,486658,4549065,46.59
KY,b,1999,35-39,0.00174,0.00865,2.64,97003,839,483034,4062407,41.88
KY,b,1999,40-44,0.00259,0.01286,2.58,96163,1236,477827,3579373,37.22
KY,b,1999,45-49,0.00378,0.01872,2.67,94927,1777,470502,3101546,32.67
KY,b,1999,50-54,0.00593,0.02925,2.68,93151,2724,459433,2631044,28.25
KY,b,1999,55-59,0.00988,0.04831,2.7,90426,4369,442083,2171610,24.02
KY,b,1999,60-64,0.01541,0.07436,2.65,86058,6400,415224,1729527,20.10
KY,b,1999,65-69,0.02340,0.11079,2.61,79658,8826,377226,1314303,16.50
KY,b,1999,70-74,0.03514,0.16216,2.62,70833,11486,326850,937077,13.23
KY,b,1999,75-79,0.05473,0.24167,2.58,59346,14342,262048,610227,10.28
KY,b,1999,80-84,0.08575,0.35385,2.53,45004,15925,185720,348179,7.74
KY,b,1999,85-89,0.13844,0.51038,2.43,29079,14841,107203,162459,5.59
KY,b,1999,90-94,0.23071,0.70338,2.23,14238,10015,43409,55256,3.88
KY,b,1999,95-99,0.33876,0.83570,1.97,4223,3529,10418,11847,2.81
KY,b,1999,100-104,0.47679,0.92416,1.69,694,641,1345,1429,2.06
KY,b,1999,105-109,0.62083,0.96619,1.44,53,51,82,84,1.60
KY,b,1999,110+,0.73223,1.00000,1.37,2,2,2,2,1.37
KY,b,2000,0,0.00752,0.00747,0.07,100000,747,99305,7508278,75.08
KY,b,2000,1-4,0.00035,0.00141,1.5,99253,140,396662,7408973,74.65
KY,b,2000,5-9,0.00016,0.00079,2.61,99113,78,495378,7012310,70.75
KY,b,2000,10-14,0.00022,0.00111,3.02,99035,110,494958,6516932,65.80
KY,b,2000,15-19,0.00081,0.00406,2.91,98925,401,493789,6021974,60.87
KY,b,2000,20-24,0.00108,0.00538,2.62,98524,530,491357,5528185,56.11
KY,b,2000,25-29,0.00116,0.00577,2.59,97994,565,488609,5036827,51.40
KY,b,2000,30-34,0.00127,0.00635,2.66,97429,619,485697,4548219,46.68
KY,b,2000,35-39,0.00175,0.00870,2.81,96810,842,482210,4062522,41.96
KY,b,2000,40-44,0.00277,0.01378,2.68,95968,1323,476768,3580312,37.31
KY,b,2000,45-49,0.00390,0.01934,2.65,94646,1830,468927,3103544,32.79
KY,b,2000,50-54,0.00589,0.02906,2.64,92816,2697,457699,2634616,28.39
KY,b,2000,55-59,0.00931,0.04556,2.66,90118,4106,440993,2176917,24.16
KY,b,2000,60-64,0.01501,0.07247,2.64,86012,6233,415368,1735925,20.18
KY,b,2000,65-69,0.02335,0.11057,2.61,79779,8821,377786,1320557,16.55
KY,b,2000,70-74,0.03488,0.16089,2.59,70958,11417,327327,942771,13.29
KY,b,2000,75-79,0.05427,0.23917,2.52,59541,14241,262428,615444,10.34
KY,b,2000,80-84,0.08416,0.34812,2.52,45301,15770,187371,353017,7.79
KY,b,2000,85-89,0.13900,0.51223,2.43,29531,15127,108822,165646,5.61
KY,b,2000,90-94,0.22392,0.69353,2.26,14404,9990,44613,56824,3.94
KY,b,2000,95-99,0.34402,0.84084,1.96,4414,3712,10790,12211,2.77
KY,b,2000,100-104,0.48601,0.92825,1.67,703,652,1342,1421,2.02
KY,b,2000,105-109,0.63275,0.96849,1.42,50,49,77,79,1.57
KY,b,2000,110+,0.74487,1.00000,1.34,2,2,2,2,1.34
KY,b,2001,0,0.00603,0.00599,0.07,100000,599,99440,7512459,75.12
KY,b,2001,1-4,0.00038,0.00154,1.57,99401,153,397232,7413019,74.58
KY,b,2001,5-9,0.00021,0.00105,2.49,99248,105,495978,7015787,70.69
KY,b,2001,10-14,0.00023,0.00117,2.49,99144,116,495427,6519809,65.76
KY,b,2001,15-19,0.00071,0.00356,2.89,99028,352,494396,6024381,60.84
KY,b,2001,20-24,0.00104,0.00517,2.49,98675,510,492096,5529985,56.04
KY,b,2001,25-29,0.00118,0.00587,2.52,98165,576,489395,5037889,51.32
KY,b,2001,30-34,0.00136,0.00677,2.65,97589,661,486391,4548494,46.61
KY,b,2001,35-39,0.00191,0.00950,2.61,96928,921,482440,4062103,41.91
KY,b,2001,40-44,0.00287,0.01424,2.62,96007,1367,476778,3579663,37.29
KY,b,2001,45-49,0.00413,0.02043,2.63,94639,1933,468618,3102884,32.79
KY,b,2001,50-54,0.00608,0.02998,2.66,92706,2779,457029,2634266,28.42
KY,b,2001,55-59,0.00977,0.04774,2.66,89926,4293,439574,2177237,24.21
KY,b,2001,60-64,0.01469,0.07095,2.62,85633,6075,413688,1737663,20.29
KY,b,2001,65-69,0.02305,0.10932,2.64,79558,8697,377266,1323975,16.64
KY,b,2001,70-74,0.03426,0.15824,2.59,70861,11213,327316,946709,13.36
KY,b,2001,75-79,0.05258,0.23316,2.57,59648,13908,264510,619393,10.38
KY,b,2001,80-84,0.08574,0.35385,2.53,45740,16185,188776,354883,7.76
KY,b,2001,85-89,0.13929,0.51232,2.42,29555,15142,108705,166107,5.62
KY,b,2001,90-94,0.22171,0.68887,2.25,14413,9929,44784,57402,3.98
KY,b,2001,95-99,0.33755,0.83464,1.97,4484,3743,11088,12618,2.81
KY,b,2001,100-104,0.47585,0.92379,1.69,742,685,1440,1530,2.06
KY,b,2001,105-109,0.62033,0.96611,1.44,57,55,88,91,1.60
KY,b,2001,110+,0.73207,1.00000,1.37,2,2,3,3,1.37
KY,b,2002,0,0.00731,0.00726,0.07,100000,726,99324,7491811,74.92
KY,b,2002,1-4,0.00034,0.00137,1.41,99274,136,396744,7392487,74.47
KY,b,2002,5-9,0.00015,0.00076,2.06,99138,75,495469,6995743,70.57
KY,b,2002,10-14,0.00021,0.00104,3.11,99063,103,495120,6500274,65.62
KY,b,2002,15-19,0.00083,0.00416,2.89,98960,412,493931,6005153,60.68
KY,b,2002,20-24,0.00106,0.00530,2.47,98548,523,491420,5511222,55.92
KY,b,2002,25-29,0.00119,0.00595,2.56,98026,583,488707,5019802,51.21
KY,b,2002,30-34,0.00152,0.00759,2.58,97443,740,485420,4531096,46.50
KY,b,2002,35-39,0.00191,0.00953,2.71,96703,922,481402,4045676,41.84
KY,b,2002,40-44,0.00298,0.01480,2.6,95781,1418,475497,3564274,37.21
KY,b,2002,45-49,0.00410,0.02029,2.69,94363,1915,467396,3088777,32.73
KY,b,2002,50-54,0.00598,0.02951,2.7,92449,2728,455975,2621382,28.36
KY,b,2002,55-59,0.00971,0.04743,2.61,89720,4255,438451,2165407,24.14
KY,b,2002,60-64,0.01513,0.07306,2.68,85465,6244,412819,1726956,20.21
KY,b,2002,65-69,0.02339,0.11082,2.64,79221,8779,375355,1314137,16.59
KY,b,2002,70-74,0.03434,0.15857,2.59,70442,11170,325267,938782,13.33
KY,b,2002,75-79,0.05267,0.23360,2.58,59272,13846,262900,613515,10.35
KY,b,2002,80-84,0.08578,0.35361,2.52,45426,16063,187251,350615,7.72
KY,b,2002,85-89,0.13975,0.51403,2.43,29363,15094,108002,163364,5.56
KY,b,2002,90-94,0.23155,0.70934,2.27,14270,10122,43714,55362,3.88
KY,b,2002,95-99,0.33860,0.83525,1.97,4148,3464,10231,11648,2.81
KY,b,2002,100-104,0.47369,0.92252,1.69,683,630,1331,1417,2.07
KY,b,2002,105-109,0.61414,0.96471,1.45,53,51,83,86,1.62
KY,b,2002,110+,0.72316,1.00000,1.38,2,2,3,3,1.38
KY,b,2003,0,0.00703,0.00698,0.07,100000,698,99349,7511398,75.11
KY,b,2003,1-4,0.00039,0.00157,1.55,99302,156,396824,7412048,74.64
KY,b,2003,5-9,0.00015,0.00076,2.53,99146,75,495542,7015224,70.76
KY,b,2003,10-14,0.00024,0.00122,2.79,99071,120,495088,6519682,65.81
KY,b,2003,15-19,0.00074,0.00368,2.82,98950,365,493955,6024594,60.89
KY,b,2003,20-24,0.00118,0.00587,2.49,98586,578,491474,5530639,56.10
KY,b,2003,25-29,0.00142,0.00709,2.52,98007,695,488316,5039165,51.42
KY,b,2003,30-34,0.00152,0.00756,2.53,97313,736,484749,4550849,46.77
KY,b,2003,35-39,0.00201,0.00998,2.63,96577,964,480599,4066101,42.10
KY,b,2003,40-44,0.00301,0.01495,2.64,95613,1430,474698,3585502,37.50
KY,b,2003,45-49,0.00424,0.02100,2.6,94184,1978,466174,3110804,33.03
KY,b,2003,50-54,0.00585,0.02885,2.58,92206,2660,454589,2644630,28.68
KY,b,2003,55-59,0.00930,0.04552,2.68,89545,4076,438259,2190041,24.46
KY,b,2003,60-64,0.01487,0.07186,2.67,85469,6142,413041,1751782,20.50
KY,b,2003,65-69,0.02172,0.10322,2.6,79327,8188,377023,1338741,16.88
KY,b,2003,70-74,0.03331,0.15432,2.62,71139,10979,329595,961718,13.52
KY,b,2003,75-79,0.05215,0.23129,2.56,60161,13915,266835,632123,10.51
KY,b,2003,80-84,0.08201,0.34142,2.55,46246,15789,192520,365287,7.90
KY,b,2003,85-89,0.13600,0.50307,2.41,30457,15322,112661,172768,5.67
KY,b,2003,90-94,0.22197,0.68909,2.25,15135,10429,46985,60107,3.97
KY,b,2003,95-99,0.34078,0.83808,1.97,4706,3944,11572,13121,2.79
KY,b,2003,100-104,0.48340,0.92726,1.68,762,707,1462,1549,2.03
KY,b,2003,105-109,0.63097,0.96820,1.42,55,54,85,87,1.58
KY,b,2003,110+,0.74374,1.00000,1.34,2,2,2,2,1.34
KY,b,2004,0,0.00688,0.00684,0.07,100000,684,99362,7559528,75.60
KY,b,2004,1-4,0.00038,0.00150,1.52,99316,149,396894,7460166,75.12
KY,b,2004,5-9,0.00015,0.00076,2.51,99167,75,495649,7063272,71.23
KY,b,2004,10-14,0.00021,0.00106,3.04,99092,105,495255,6567623,66.28
KY,b,2004,15-19,0.00094,0.00468,3.01,98987,463,494016,6072367,61.34
KY,b,2004,20-24,0.00115,0.00572,2.47,98524,563,491196,5578351,56.62
KY,b,2004,25-29,0.00142,0.00706,2.39,97961,691,488001,5087154,51.93
KY,b,2004,30-34,0.00148,0.00739,2.6,97270,718,484627,4599153,47.28
KY,b,2004,35-39,0.00200,0.00994,2.73,96551,960,480573,4114526,42.61
KY,b,2004,40-44,0.00287,0.01426,2.63,95591,1364,474727,3633953,38.02
KY,b,2004,45-49,0.00434,0.02147,2.65,94228,2023,466390,3159226,33.53
KY,b,2004,50-54,0.00595,0.02935,2.6,92204,2706,454534,2692836,29.21
KY,b,2004,55-59,0.00888,0.04350,2.68,89498,3893,438447,2238301,25.01
KY,b,2004,60-64,0.01359,0.06582,2.64,85604,5635,414724,1799854,21.03
KY,b,2004,65-69,0.02111,0.10037,2.56,79970,8026,380261,1385130,17.32
KY,b,2004,70-74,0.03206,0.14877,2.58,71943,10703,333844,1004869,13.97
KY,b,2004,75-79,0.04891,0.21868,2.58,61240,13392,273833,671026,10.96
KY,b,2004,80-84,0.07515,0.31717,2.54,47848,15176,201956,397192,8.30
KY,b,2004,85-89,0.12666,0.47812,2.44,32672,15621,123337,195237,5.98
KY,b,2004,90-94,0.20647,0.66243,2.3,17051,11295,54705,71900,4.22
KY,b,2004,95-99,0.31493,0.81252,2.02,5756,4677,14850,17195,2.99
KY,b,2004,100-104,0.45006,0.91188,1.74,1079,984,2186,2345,2.17
KY,b,2004,105-109,0.59454,0.96080,1.48,95,91,154,159,1.67
KY,b,2004,110+,0.70847,1.00000,1.41,4,4,5,5,1.41
KY,b,2005,0,0.00675,0.00671,0.07,100000,671,99374,7545689,75.46
KY,b,2005,1-4,0.00041,0.00162,1.47,99329,161,396908,7446315,74.97
KY,b,2005,5-9,0.00015,0.00077,2.13,99168,77,495618,7049407,71.09
KY,b,2005,10-14,0.00021,0.00106,2.72,99091,105,495216,6553788,66.14
KY,b,2005,15-19,0.00082,0.00408,3.04,98986,404,494138,6058572,61.21
KY,b,2005,20-24,0.00115,0.00574,2.41,98582,566,491447,5564434,56.44
KY,b,2005,25-29,0.00136,0.00678,2.57,98017,665,488466,5072987,51.76
KY,b,2005,30-34,0.00148,0.00740,2.55,97352,720,484997,4584522,47.09
KY,b,2005,35-39,0.00193,0.00961,2.7,96632,929,481023,4099525,42.42
KY,b,2005,40-44,0.00305,0.01515,2.76,95703,1450,475264,3618502,37.81
KY,b,2005,45-49,0.00420,0.02081,2.64,94253,1961,466639,3143238,33.35
KY,b,2005,50-54,0.00614,0.03024,2.66,92291,2791,454920,2676599,29.00
KY,b,2005,55-59,0.00869,0.04257,2.63,89500,3810,438466,2221679,24.82
KY,b,2005,60-64,0.01435,0.06941,2.66,85690,5947,414514,1783213,20.81
KY,b,2005,65-69,0.02086,0.09936,2.63,79743,7923,379910,1368699,17.16
KY,b,2005,70-74,0.03258,0.15095,2.57,71820,10841,332733,988789,13.77
KY,b,2005,75-79,0.04927,0.21996,2.56,60978,13413,272218,656056,10.76
KY,b,2005,80-84,0.07904,0.33020,2.51,47566,15706,198720,383838,8.07
KY,b,2005,85-89,0.13250,0.49393,2.42,31859,15736,118767,185118,5.81
KY,b,2005,90-94,0.21321,0.67097,2.24,16123,10818,50739,66351,4.12
KY,b,2005,95-99,0.32068,0.81813,2.01,5305,4340,13534,15613,2.94
KY,b,2005,100-104,0.45443,0.91381,1.73,965,882,1940,2079,2.15
KY,b,2005,105-109,0.59668,0.96116,1.47,83,80,134,139,1.67
KY,b,2005,110+,0.70870,1.00000,1.41,3,3,5,5,1.41
KY,b,2006,0,0.00775,0.00770,0.07,100000,770,99284,7560184,75.60
KY,b,2006,1-4,0.00034,0.00138,1.84,99230,137,396627,7460900,75.19
KY,b,2006,5-9,0.00016,0.00082,2.27,99094,81,495248,7064274,71.29
KY,b,2006,10-14,0.00015,0.00077,2.77,99013,76,494894,6569026,66.35
KY,b,2006,15-19,0.00073,0.00364,3,98937,360,493963,6074131,61.39
KY,b,2006,20-24,0.00121,0.00602,2.43,98577,593,491359,5580168,56.61
KY,b,2006,25-29,0.00146,0.00727,2.54,97983,712,488166,5088810,51.94
KY,b,2006,30-34,0.00175,0.00869,2.53,97272,845,484269,4600644,47.30
KY,b,2006,35-39,0.00204,0.01017,2.68,96426,980,479862,4116375,42.69
KY,b,2006,40-44,0.00292,0.01451,2.64,95446,1385,473968,3636513,38.10
KY,b,2006,45-49,0.00431,0.02132,2.61,94061,2006,465520,3162545,33.62
KY,b,2006,50-54,0.00602,0.02965,2.63,92056,2730,453818,2697025,29.30
KY,b,2006,55-59,0.00866,0.04244,2.67,89326,3791,437798,2243207,25.11
KY,b,2006,60-64,0.01326,0.06431,2.68,85535,5500,414896,1805408,21.11
KY,b,2006,65-69,0.02111,0.10047,2.61,80034,8041,380935,1390512,17.37
KY,b,2006,70-74,0.03065,0.14287,2.63,71993,10286,335565,1009577,14.02
KY,b,2006,75-79,0.04758,0.21339,2.59,61707,13168,276755,674012,10.92
KY,b,2006,80-84,0.07752,0.32616,2.57,48540,15832,204233,397257,8.18
KY,b,2006,85-89,0.12829,0.48342,2.45,32708,15812,123248,193024,5.90
KY,b,2006,90-94,0.21215,0.67019,2.25,16897,11324,53376,69776,4.13
KY,b,2006,95-99,0.32052,0.81823,2.01,5573,4560,14226,16400,2.94
KY,b,2006,100-104,0.45631,0.91490,1.73,1013,927,2031,2174,2.15
KY,b,2006,105-109,0.60052,0.96208,1.47,86,83,138,143,1.66
KY,b,2006,110+,0.71368,1.00000,1.4,3,3,5,5,1.40
KY,b,2007,0,0.00689,0.00684,0.07,100000,684,99362,7589812,75.90
KY,b,2007,1-4,0.00029,0.00116,1.62,99316,115,396988,7490450,75.42
KY,b,2007,5-9,0.00014,0.00070,2.25,99200,70,495810,7093463,71.51
KY,b,2007,10-14,0.00023,0.00115,2.53,99131,114,495373,6597652,66.56
KY,b,2007,15-19,0.00071,0.00353,2.96,99017,350,494371,6102279,61.63
KY,b,2007,20-24,0.00109,0.00543,2.75,98667,536,492129,5607908,56.84
KY,b,2007,25-29,0.00148,0.00737,2.65,98132,723,488956,5115779,52.13
KY,b,2007,30-34,0.00150,0.00749,2.43,97409,730,485165,4626822,47.50
KY,b,2007,35-39,0.00194,0.00965,2.59,96679,932,481146,4141657,42.84
KY,b,2007,40-44,0.00308,0.01528,2.62,95747,1463,475254,3660511,38.23
KY,b,2007,45-49,0.00403,0.01997,2.64,94283,1883,466966,3185257,33.78
KY,b,2007,50-54,0.00615,0.03031,2.57,92400,2800,455205,2718291,29.42
KY,b,2007,55-59,0.00887,0.04345,2.65,89600,3893,438832,2263086,25.26
KY,b,2007,60-64,0.01316,0.06387,2.68,85707,5474,415846,1824254,21.28
KY,b,2007,65-69,0.02058,0.09806,2.61,80232,7868,382386,1408408,17.55
KY,b,2007,70-74,0.03045,0.14205,2.64,72364,10280,337567,1026022,14.18
KY,b,2007,75-79,0.04645,0.20908,2.62,62085,12981,279472,688455,11.09
KY,b,2007,80-84,0.07568,0.31958,2.57,49104,15693,207356,408983,8.33
KY,b,2007,85-89,0.12347,0.46901,2.44,33412,15670,126915,201627,6.03
KY,b,2007,90-94,0.20614,0.65896,2.26,17741,11691,56711,74712,4.21
KY,b,2007,95-99,0.31636,0.81413,2.02,6050,4926,15570,18001,2.98
KY,b,2007,100-104,0.45270,0.91326,1.73,1125,1027,2269,2431,2.16
KY,b,2007,105-109,0.59811,0.96163,1.47,98,94,157,162,1.66
KY,b,2007,110+,0.71242,1.00000,1.4,4,4,5,5,1.40
KY,b,2008,0,0.00698,0.00693,0.07,100000,693,99354,7585603,75.86
KY,b,2008,1-4,0.00030,0.00122,1.67,99307,121,396947,7486249,75.38
KY,b,2008,5-9,0.00016,0.00081,2.59,99186,80,495739,7089302,71.47
KY,b,2008,10-14,0.00021,0.00106,2.99,99106,105,495321,6593564,66.53
KY,b,2008,15-19,0.00061,0.00303,2.7,99001,300,494316,6098243,61.60
KY,b,2008,20-24,0.00099,0.00494,2.54,98701,487,492307,5603926,56.78
KY,b,2008,25-29,0.00125,0.00625,2.58,98214,614,489588,5111620,52.05
KY,b,2008,30-34,0.00158,0.00784,2.41,97600,766,486020,4622032,47.36
KY,b,2008,35-39,0.00190,0.00945,2.61,96835,915,481989,4136012,42.71
KY,b,2008,40-44,0.00292,0.01452,2.73,95920,1393,476436,3654023,38.09
KY,b,2008,45-49,0.00444,0.02196,2.59,94527,2075,467641,3177588,33.62
KY,b,2008,50-54,0.00635,0.03127,2.56,92451,2891,455192,2709947,29.31
KY,b,2008,55-59,0.00855,0.04188,2.63,89560,3751,438927,2254755,25.18
KY,b,2008,60-64,0.01327,0.06431,2.61,85809,5519,415845,1815828,21.16
KY,b,2008,65-69,0.02074,0.09887,2.65,80290,7938,382815,1399983,17.44
KY,b,2008,70-74,0.03073,0.14318,2.62,72352,10359,337112,1017167,14.06
KY,b,2008,75-79,0.04715,0.21158,2.58,61993,13117,278192,680056,10.97
KY,b,2008,80-84,0.07647,0.32232,2.56,48876,15754,206013,401864,8.22
KY,b,2008,85-89,0.12659,0.47931,2.47,33122,15876,125404,195851,5.91
KY,b,2008,90-94,0.21475,0.67842,2.29,17246,11700,54482,70447,4.08
KY,b,2008,95-99,0.32855,0.82664,2,5546,4585,13954,15965,2.88
KY,b,2008,100-104,0.46906,0.92105,1.7,962,886,1888,2011,2.09
KY,b,2008,105-109,0.61589,0.96533,1.44,76,73,119,123,1.61
KY,b,2008,110+,0.72932,1.00000,1.37,3,3,4,4,1.37
KY,b,2009,0,0.00703,0.00698,0.07,100000,698,99349,7583030,75.83
KY,b,2009,1-4,0.00034,0.00136,1.88,99302,136,396920,7483681,75.36
KY,b,2009,5-9,0.00015,0.00073,2.79,99166,72,495672,7086761,71.46
KY,b,2009,10-14,0.00018,0.00092,2.6,99094,91,495252,6591089,66.51
KY,b,2009,15-19,0.00060,0.00298,3,99003,295,494427,6095838,61.57
KY,b,2009,20-24,0.00109,0.00544,2.57,98709,537,492236,5601410,56.75
KY,b,2009,25-29,0.00132,0.00658,2.61,98171,646,489309,5109174,52.04
KY,b,2009,30-34,0.00159,0.00792,2.56,97525,772,485743,4619865,47.37
KY,b,2009,35-39,0.00206,0.01027,2.59,96753,993,481370,4134122,42.73
KY,b,2009,40-44,0.00299,0.01483,2.71,95759,1420,475543,3652752,38.15
KY,b,2009,45-49,0.00447,0.02212,2.63,94340,2086,466762,3177208,33.68
KY,b,2009,50-54,0.00677,0.03332,2.64,92253,3074,454025,2710446,29.38
KY,b,2009,55-59,0.00920,0.04502,2.61,89179,4015,436299,2256421,25.30
KY,b,2009,60-64,0.01364,0.06612,2.71,85164,5631,412932,1820122,21.37
KY,b,2009,65-69,0.02038,0.09717,2.6,79534,7728,379113,1407189,17.69
KY,b,2009,70-74,0.03066,0.14282,2.61,71806,10256,334483,1028076,14.32
KY,b,2009,75-79,0.04554,0.20531,2.6,61550,12637,277480,693593,11.27
KY,b,2009,80-84,0.07237,0.30739,2.55,48914,15036,207774,416113,8.51
KY,b,2009,85-89,0.12083,0.46309,2.48,33878,15688,129841,208338,6.15
KY,b,2009,90-94,0.19888,0.64506,2.28,18189,11733,58996,78497,4.32
KY,b,2009,95-99,0.31059,0.80837,2.03,6456,5219,16803,19501,3.02
KY,b,2009,100-104,0.44834,0.91134,1.74,1237,1127,2515,2698,2.18
KY,b,2009,105-109,0.59612,0.96131,1.48,110,105,177,183,1.67
KY,b,2009,110+,0.71242,1.00000,1.4,4,4,6,6,1.40
KY,b,2010,0,0.00683,0.00678,0.07,100000,678,99367,7587261,75.87
KY,b,2010,1-4,0.00033,0.00131,1.7,99322,130,396988,7487893,75.39
KY,b,2010,5-9,0.00017,0.00083,2.67,99192,83,495767,7090906,71.49
KY,b,2010,10-14,0.00019,0.00093,2.83,99109,93,495346,6595139,66.54
KY,b,2010,15-19,0.00061,0.00302,2.78,99017,299,494419,6099793,61.60
KY,b,2010,20-24,0.00096,0.00481,2.56,98718,474,492428,5605374,56.78
KY,b,2010,25-29,0.00131,0.00654,2.53,98243,642,489632,5112946,52.04
KY,b,2010,30-34,0.00179,0.00889,2.56,97601,868,485886,4623314,47.37
KY,b,2010,35-39,0.00212,0.01056,2.65,96733,1022,481263,4137428,42.77
KY,b,2010,40-44,0.00276,0.01371,2.64,95711,1313,475464,3656165,38.20
KY,b,2010,45-49,0.00470,0.02324,2.59,94399,2194,466704,3180701,33.69
KY,b,2010,50-54,0.00664,0.03267,2.59,92205,3012,453777,2713998,29.43
KY,b,2010,55-59,0.00916,0.04484,2.6,89193,3999,436364,2260221,25.34
KY,b,2010,60-64,0.01298,0.06300,2.65,85194,5367,413341,1823856,21.41
KY,b,2010,65-69,0.02031,0.09687,2.62,79827,7733,380722,1410515,17.67
KY,b,2010,70-74,0.03022,0.14098,2.63,72094,10164,336365,1029794,14.28
KY,b,2010,75-79,0.04689,0.21007,2.52,61930,13010,277450,693429,11.20
KY,b,2010,80-84,0.07175,0.30558,2.58,48920,14949,208349,415979,8.50
KY,b,2010,85-89,0.12203,0.46462,2.43,33971,15784,129340,207629,6.11
KY,b,2010,90-94,0.20135,0.65322,2.31,18187,11880,59003,78289,4.30
KY,b,2010,95-99,0.30639,0.80353,2.04,6307,5068,16541,19286,3.06
KY,b,2010,100-104,0.44085,0.90726,1.76,1239,1124,2550,2745,2.22
KY,b,2010,105-109,0.58585,0.95887,1.49,115,110,188,195,1.70
KY,b,2010,110+,0.70092,1.00000,1.43,5,5,7,7,1.43
KY,b,2011,0,0.00634,0.00630,0.07,100000,630,99411,7595737,75.96
KY,b,2011,1-4,0.00039,0.00157,1.44,99370,156,397079,7496326,75.44
KY,b,2011,5-9,0.00011,0.00056,2.29,99214,56,495916,7099247,71.56
KY,b,2011,10-14,0.00015,0.00077,2.96,99158,77,495632,6603331,66.59
KY,b,2011,15-19,0.00051,0.00253,3.2,99081,250,494953,6107699,61.64
KY,b,2011,20-24,0.00101,0.00503,2.67,98831,497,492995,5612746,56.79
KY,b,2011,25-29,0.00131,0.00653,2.63,98334,642,490150,5119751,52.07
KY,b,2011,30-34,0.00182,0.00904,2.54,97692,883,486289,4629601,47.39
KY,b,2011,35-39,0.00226,0.01122,2.61,96809,1086,481446,4143312,42.80
KY,b,2011,40-44,0.00287,0.01427,2.67,95723,1366,475432,3661866,38.25
KY,b,2011,45-49,0.00462,0.02287,2.65,94356,2158,466721,3186434,33.77
KY,b,2011,50-54,0.00687,0.03380,2.63,92199,3116,453604,2719713,29.50
KY,b,2011,55-59,0.00905,0.04429,2.57,89083,3946,435822,2266109,25.44
KY,b,2011,60-64,0.01283,0.06230,2.66,85137,5304,413291,1830286,21.50
KY,b,2011,65-69,0.01967,0.09401,2.65,79833,7505,381560,1416995,17.75
KY,b,2011,70-74,0.03022,0.14082,2.59,72328,10185,337087,1035435,14.32
KY,b,2011,75-79,0.04583,0.20624,2.58,62143,12816,279652,698348,11.24
KY,b,2011,80-84,0.07187,0.30549,2.55,49327,15069,209664,418696,8.49
KY,b,2011,85-89,0.12268,0.46824,2.47,34258,16041,130754,209033,6.10
KY,b,2011,90-94,0.20226,0.65424,2.3,18217,11918,58925,78278,4.30
KY,b,2011,95-99,0.30481,0.80162,2.04,6299,5049,16565,19353,3.07
KY,b,2011,100-104,0.43753,0.90536,1.76,1250,1131,2586,2788,2.23
KY,b,2011,105-109,0.58091,0.95762,1.5,118,113,195,202,1.71
KY,b,2011,110+,0.69501,1.00000,1.44,5,5,7,7,1.44
KY,b,2012,0,0.00720,0.00715,0.07,100000,715,99334,7579968,75.80
KY,b,2012,1-4,0.00030,0.00120,1.87,99285,119,396887,7480634,75.34
KY,b,2012,5-9,0.00016,0.00079,2.53,99166,78,495636,7083746,71.43
KY,b,2012,10-14,0.00018,0.00089,2.65,99087,89,495229,6588111,66.49
KY,b,2012,15-19,0.00060,0.00300,2.95,98999,297,494387,6092882,61.55
KY,b,2012,20-24,0.00109,0.00544,2.54,98702,537,492192,5598495,56.72
KY,b,2012,25-29,0.00129,0.00644,2.6,98165,632,489307,5106303,52.02
KY,b,2012,30-34,0.00185,0.00919,2.45,97533,896,485380,4616997,47.34
KY,b,2012,35-39,0.00224,0.01116,2.58,96637,1078,480578,4131616,42.75
KY,b,2012,40-44,0.00296,0.01470,2.59,95559,1405,474412,3651038,38.21
KY,b,2012,45-49,0.00459,0.02270,2.68,94154,2138,465808,3176626,33.74
KY,b,2012,50-54,0.00688,0.03383,2.58,92016,3113,452542,2710818,29.46
KY,b,2012,55-59,0.00961,0.04699,2.62,88903,4178,434566,2258276,25.40
KY,b,2012,60-64,0.01324,0.06417,2.59,84726,5437,410539,1823709,21.52
KY,b,2012,65-69,0.01975,0.09432,2.63,79289,7478,378715,1413170,17.82
KY,b,2012,70-74,0.02935,0.13706,2.59,71811,9842,335328,1034455,14.41
KY,b,2012,75-79,0.04545,0.20489,2.6,61969,12697,279345,699127,11.28
KY,b,2012,80-84,0.07163,0.30492,2.56,49272,15024,209737,419783,8.52
KY,b,2012,85-89,0.12250,0.46917,2.51,34248,16068,131170,210045,6.13
KY,b,2012,90-94,0.19768,0.64239,2.28,18180,11678,59079,78875,4.34
KY,b,2012,95-99,0.30776,0.80520,2.04,6501,5235,17009,19796,3.04
KY,b,2012,100-104,0.44394,0.90901,1.75,1266,1151,2593,2787,2.20
KY,b,2012,105-109,0.59057,0.96003,1.49,115,111,187,194,1.68
KY,b,2012,110+,0.70646,1.00000,1.42,5,5,7,7,1.42
KY,b,2013,0,0.00640,0.00636,0.07,100000,636,99406,7617365,76.17
KY,b,2013,1-4,0.00027,0.00107,1.72,99364,106,397212,7517959,75.66
KY,b,2013,5-9,0.00012,0.00060,2.21,99258,59,496122,7120747,71.74
KY,b,2013,10-14,0.00017,0.00086,2.81,99198,85,495805,6624625,66.78
KY,b,2013,15-19,0.00045,0.00223,3.47,99113,221,495229,6128820,61.84
KY,b,2013,20-24,0.00091,0.00454,2.59,98893,449,493379,5633591,56.97
KY,b,2013,25-29,0.00133,0.00665,2.66,98443,655,490683,5140211,52.21
KY,b,2013,30-34,0.00169,0.00841,2.67,97789,823,487024,4649529,47.55
KY,b,2013,35-39,0.00212,0.01055,2.58,96966,1023,482356,4162505,42.93
KY,b,2013,40-44,0.00279,0.01387,2.56,95943,1331,476472,3680149,38.36
KY,b,2013,45-49,0.00430,0.02127,2.71,94613,2013,468464,3203677,33.86
KY,b,2013,50-54,0.00667,0.03281,2.63,92600,3038,455800,2735213,29.54
KY,b,2013,55-59,0.00963,0.04705,2.57,89562,4214,437553,2279413,25.45
KY,b,2013,60-64,0.01319,0.06392,2.61,85348,5456,413713,1841860,21.58
KY,b,2013,65-69,0.01923,0.09193,2.61,79892,7345,381881,1428147,17.88
KY,b,2013,70-74,0.02953,0.13790,2.6,72548,10004,338722,1046266,14.42
KY,b,2013,75-79,0.04524,0.20389,2.58,62544,12752,281882,707544,11.31
KY,b,2013,80-84,0.07300,0.30915,2.53,49792,15393,210868,425662,8.55
KY,b,2013,85-89,0.11712,0.45203,2.48,34399,15549,132759,214794,6.24
KY,b,2013,90-94,0.19843,0.64480,2.29,18849,12154,61251,82035,4.35
KY,b,2013,95-99,0.30116,0.79752,2.05,6695,5340,17730,20784,3.10
KY,b,2013,100-104,0.43293,0.90287,1.77,1356,1224,2827,3054,2.25
KY,b,2013,105-109,0.57608,0.95646,1.51,132,126,219,227,1.72
KY,b,2013,110+,0.69051,1.00000,1.45,6,6,8,8,1.45
KY,b,2014,0,0.00719,0.00714,0.07,100000,714,99334,7585784,75.86
KY,b,2014,1-4,0.00024,0.00098,1.87,99286,97,396936,7486450,75.40
KY,b,2014,5-9,0.00017,0.00087,2.24,99188,86,495705,7089514,71.48
KY,b,2014,10-14,0.00016,0.00082,2.93,99102,82,495343,6593809,66.54
KY,b,2014,15-19,0.00051,0.00256,3,99021,253,494597,6098466,61.59
KY,b,2014,20-24,0.00099,0.00495,2.45,98768,488,492591,5603869,56.74
KY,b,2014,25-29,0.00133,0.00661,2.6,98279,650,489836,5111277,52.01
KY,b,2014,30-34,0.00174,0.00868,2.59,97630,848,486108,4621442,47.34
KY,b,2014,35-39,0.00229,0.01137,2.67,96782,1100,481339,4135334,42.73
KY,b,2014,40-44,0.00316,0.01570,2.67,95681,1503,474898,3653995,38.19
KY,b,2014,45-49,0.00455,0.02251,2.77,94179,2120,466155,3179096,33.76
KY,b,2014,50-54,0.00704,0.03465,2.63,92058,3189,452731,2712941,29.47
KY,b,2014,55-59,0.00975,0.04764,2.56,88869,4234,433998,2260210,25.43
KY,b,2014,60-64,0.01359,0.06582,2.59,84635,5570,409779,1826212,21.58
KY,b,2014,65-69,0.01940,0.09279,2.67,79065,7336,378254,1416433,17.91
KY,b,2014,70-74,0.03005,0.14025,2.62,71728,10060,334743,1038179,14.47
KY,b,2014,75-79,0.04577,0.20624,2.6,61668,12718,277864,703435,11.41
KY,b,2014,80-84,0.07000,0.29794,2.5,48950,14584,208339,425571,8.69
KY,b,2014,85-89,0.11694,0.45050,2.45,34366,15482,132388,217232,6.32
KY,b,2014,90-94,0.19037,0.63007,2.32,18884,11898,62500,84844,4.49
KY,b,2014,95-99,0.29077,0.78542,2.07,6986,5487,18870,22344,3.20
KY,b,2014,100-104,0.41982,0.89540,1.8,1499,1342,3197,3474,2.32
KY,b,2014,105-109,0.56222,0.95292,1.53,157,149,266,277,1.76
KY,b,2014,110+,0.67742,1.00000,1.48,7,7,11,11,1.48
KY,b,2015,0,0.00680,0.00676,0.07,100000,676,99370,7551262,75.51
KY,b,2015,1-4,0.00031,0.00125,1.79,99324,124,397023,7451892,75.03
KY,b,2015,5-9,0.00014,0.00068,2.16,99200,67,495810,7054869,71.12
KY,b,2015,10-14,0.00020,0.00099,2.57,99133,98,495426,6559059,66.16
KY,b,2015,15-19,0.00058,0.00292,3.18,99035,289,494647,6063634,61.23
KY,b,2015,20-24,0.00104,0.00516,2.57,98746,510,492492,5568987,56.40
KY,b,2015,25-29,0.00160,0.00798,2.57,98236,784,489274,5076495,51.68
KY,b,2015,30-34,0.00199,0.00990,2.68,97452,965,485018,4587221,47.07
KY,b,2015,35-39,0.00236,0.01173,2.62,96487,1131,479739,4102204,42.52
KY,b,2015,40-44,0.00313,0.01553,2.59,95355,1481,473205,3622465,37.99
KY,b,2015,45-49,0.00479,0.02371,2.67,93874,2225,464196,3149260,33.55
KY,b,2015,50-54,0.00715,0.03515,2.67,91649,3221,450725,2685064,29.30
KY,b,2015,55-59,0.01037,0.05058,2.62,88428,4473,431497,2234339,25.27
KY,b,2015,60-64,0.01402,0.06784,2.64,83955,5696,406352,1802842,21.47
KY,b,2015,65-69,0.01963,0.09372,2.59,78259,7335,373606,1396490,17.84
KY,b,2015,70-74,0.03032,0.14143,2.62,70924,10031,330798,1022884,14.42
KY,b,2015,75-79,0.04620,0.20810,2.62,60894,12672,274277,692086,11.37
KY,b,2015,80-84,0.07105,0.30242,2.54,48222,14584,205270,417809,8.66
KY,b,2015,85-89,0.11668,0.45049,2.47,33639,15154,129878,212539,6.32
KY,b,2015,90-94,0.19042,0.62766,2.29,18485,11602,60929,82661,4.47
KY,b,2015,95-99,0.29528,0.79070,2.06,6882,5442,18430,21732,3.16
KY,b,2015,100-104,0.42491,0.89827,1.79,1441,1294,3045,3302,2.29
KY,b,2015,105-109,0.56656,0.95398,1.52,147,140,247,257,1.75
KY,b,2015,110+,0.68047,1.00000,1.47,7,7,10,10,1.47
